x,y,z,w0,w1,w2,w3
-0.9006919372531387,-2.2192107332694126,0.0,0.0,0.0,1.0,0.0
-1.3489220851425898e-10,-2.219210779589555,0.0,0.0,0.0,1.0,0.0
-0.9006920513257503,-3.3288161185531395,0.0,0.0,0.0,1.0,0.0
-0.9006921650045069,-4.438421503580552,0.0,0.0,0.0,1.0,0.0
-0.9006922790693761,-5.548026885442681,0.0,0.0,0.0,1.0,0.0
-0.9006923935129074,-6.657632267410506,0.0,0.0,0.0,1.0,0.0
-1.8013847864051942,-6.657632128516113,0.0,0.0,0.0,1.0,0.0
-3.6027695699951225,-6.657631573213248,0.0,0.0,0.0,1.0,0.0
-4.503461960634486,-6.657631156418443,0.0,0.0,0.0,1.0,0.0
-6.30484674472569,-6.657630045636825,0.0,0.0,0.0,1.0,0.0
-8.10623152778088,-6.657628564218354,0.0,0.0,0.0,1.0,0.0
-9.006923919016534,-6.65762768461259,0.0,0.0,0.0,1.0,0.0
-10.808308702573,-6.657625647715367,0.0,0.0,0.0,1.0,0.0
-12.609691889758729,-5.548017858603785,0.0,0.0,0.0,1.0,0.0
-13.510384168547208,-5.548016516261358,0.0,0.0,0.0,1.0,0.0
-15.311768723514128,-5.548013553500084,0.0,0.0,0.0,1.0,0.0
-16.212461000406805,-5.548011933433248,0.0,0.0,0.0,1.0,0.0
-18.013845555517875,-5.54800841501722,0.0,0.0,0.0,1.0,0.0
-19.815230111619094,-5.5480045262476985,0.0,0.0,0.0,1.0,0.0
-21.616614666800857,-5.548000267613988,0.0,0.0,0.0,1.0,0.0
-22.51730694541172,-5.547997999331958,0.0,0.0,0.0,1.0,0.0
-24.318691499367432,-5.547993184725806,0.0,0.0,0.0,1.0,0.0
-26.120072747372,-4.438382618511185,0.0,0.0,0.0,1.0,0.0
-27.921457074597235,-4.43837706348393,0.0,0.0,0.0,1.0,0.0
-28.822149236875696,-4.438374146738927,0.0,0.0,0.0,1.0,0.0
-30.623533566628367,-4.438368036516284,0.0,0.0,0.0,1.0,0.0
-31.524225729037184,-4.438364842330235,0.0,0.0,0.0,1.0,0.0
-33.32561005458285,-4.438358176096435,0.0,0.0,0.0,1.0,0.0
-35.12699438213175,-4.438351139650826,0.0,0.0,0.0,1.0,0.0
-36.92837870906002,-4.4383437331307,0.0,0.0,0.0,1.0,0.0
-38.729758134287614,-3.328730570859075,0.0,0.0,0.0,1.0,0.0
-39.630450182914394,-3.3287265435098368,0.0,0.0,0.0,1.0,0.0
-41.43183427958408,-3.3287182110183027,0.0,0.0,0.0,1.0,0.0
-43.23321837855583,-3.328709508104631,0.0,0.0,0.0,1.0,0.0
-44.13391042974679,-3.3287050178414637,0.0,0.0,0.0,1.0,0.0
-45.93529452856386,-3.328695759483364,0.0,0.0,0.0,1.0,0.0
-47.736678628371074,-3.328686130771774,0.0,0.0,0.0,1.0,0.0
-49.538062725174385,-3.3286761315262963,0.0,0.0,0.0,1.0,0.0
-51.33944032231159,-2.219060376733236,0.0,0.0,0.0,1.0,0.0
-53.140824194352305,-2.2190496369636876,0.0,0.0,0.0,1.0,0.0
-54.94220806738318,-2.2190385268406474,0.0,0.0,0.0,1.0,0.0
-56.74359193615649,-2.2190270466387028,0.0,0.0,0.0,1.0,0.0
-58.54497580717361,-2.219015195628286,0.0,0.0,0.0,1.0,0.0
-59.445667741912814,-2.2190091313488787,0.0,0.0,0.0,1.0,0.0
-61.247051612833516,-2.218996725280365,0.0,0.0,0.0,1.0,0.0
-63.04843548569917,-2.2189839486137104,0.0,0.0,0.0,1.0,0.0
-64.84981114246729,-1.1093654124062822,0.0,0.0,0.0,1.0,0.0
-65.75050296290027,-1.1093586999472633,0.0,0.0,0.0,1.0,0.0
-67.55188660586444,-1.109344997485204,0.0,0.0,0.0,1.0,0.0
-67.5518780514027,0.00026039282146328446,0.0,0.0,0.0,1.0,0.0
-67.5518694969042,1.10986578471377,0.0,0.0,0.0,1.0,0.0
-67.55185238816159,3.329076573339614,0.0,0.0,0.0,1.0,0.0
-67.55184383361862,4.438681971744479,0.0,0.0,0.0,1.0,0.0
-66.65113570288165,6.657885874762784,0.0,0.0,0.0,1.0,0.0
-66.65112726264958,7.767491277188827,0.0,0.0,0.0,1.0,0.0
-66.65111038184213,9.986702089848464,0.0,0.0,0.0,1.0,0.0
-66.65110194168216,11.0963074980144,0.0,0.0,0.0,1.0,0.0
-66.6510850605452,13.315518321220837,0.0,0.0,0.0,1.0,0.0
-66.65107662022419,14.425123735919332,0.0,0.0,0.0,1.0,0.0
-65.75036974189597,16.644327763795246,0.0,0.0,0.0,1.0,0.0
-66.65105129910646,17.753939989402618,0.0,0.0,0.0,1.0,0.0
-67.55174118062126,17.75394688679748,0.0,0.0,0.0,1.0,0.0
-69.35312094533376,17.753960959693565,0.0,0.0,0.0,1.0,0.0
-71.15450071276368,17.75397540244944,0.0,0.0,0.0,1.0,0.0
-72.95587123678094,18.863595637975973,0.0,0.0,0.0,1.0,0.0
-73.85656100363241,18.863603183726454,0.0,0.0,0.0,1.0,0.0
-75.65794054050491,18.863618552243416,0.0,0.0,0.0,1.0,0.0
-77.4593200792641,18.86363429174485,0.0,0.0,0.0,1.0,0.0
-79.26069961674669,18.86365040128648,0.0,0.0,0.0,1.0,0.0
-80.16138938340674,18.863658594762857,0.0,0.0,0.0,1.0,0.0
-81.9627689176954,18.863675260173956,0.0,0.0,0.0,1.0,0.0
-82.86344819442542,19.973289154956625,0.0,0.0,0.0,1.0,0.0
-83.76412723981306,21.08290314343354,0.0,0.0,0.0,1.0,0.0
-84.6648060592226,22.19251722774095,0.0,0.0,0.0,1.0,0.0
-86.46617396265592,23.30214024762502,0.0,0.0,0.0,1.0,0.0
-87.36686327507007,23.302149182077926,0.0,0.0,0.0,1.0,0.0
-89.1682418973466,23.30216732867381,0.0,0.0,0.0,1.0,0.0
-90.0689312085792,23.30217654049912,0.0,0.0,0.0,1.0,0.0
-90.96962052162638,23.302185845481517,0.0,0.0,0.0,1.0,0.0
-90.96963204164395,22.192580416414494,0.0,0.0,0.0,1.0,0.0
-90.96965508156887,19.97336956416635,0.0,0.0,0.0,1.0,0.0
-91.87035636886897,18.86377353774057,0.0,0.0,0.0,1.0,0.0
-91.87037963717515,16.64456269557244,0.0,0.0,0.0,1.0,0.0
-91.87039127121858,15.534957278324152,0.0,0.0,0.0,1.0,0.0
-91.87041453877984,13.315746448017821,0.0,0.0,0.0,1.0,0.0
-91.87042617277878,12.206141035776767,0.0,0.0,0.0,1.0,0.0
-91.8704378071564,11.096535624935338,0.0,0.0,0.0,1.0,0.0
-91.87046107509462,8.877324809750721,0.0,0.0,0.0,1.0,0.0
-92.7711636189017,7.767728894073762,0.0,0.0,0.0,1.0,0.0
-92.77118711522118,5.548518090474482,0.0,0.0,0.0,1.0,0.0
-92.77119886315099,4.438912691271462,0.0,0.0,0.0,1.0,0.0
-92.77122235938151,2.2197018976866505,0.0,0.0,0.0,1.0,0.0
-92.77123410732511,1.1100965042335225,0.0,0.0,0.0,1.0,0.0
-91.87054251315482,1.1100870142802903,0.0,0.0,0.0,1.0,0.0
-90.06915932655534,1.110068312093842,0.0,0.0,0.0,1.0,0.0
-89.16846773442498,1.1100591000709605,0.0,0.0,0.0,1.0,0.0
-87.36708454963869,1.110040953431914,0.0,0.0,0.0,1.0,0.0
-85.56571219891379,0.0004177855246645379,0.0,0.0,0.0,1.0,0.0
-83.76432878167566,0.0004003799808032227,0.0,0.0,0.0,1.0,0.0
-81.96294536709671,0.00038334468307255065,0.0,0.0,0.0,1.0,0.0
-80.16156195493637,0.00036667903481912845,0.0,0.0,0.0,1.0,0.0
-78.36017854031155,0.0003503847274295424,0.0,0.0,0.0,1.0,0.0
-77.45948683372029,0.0003423763285859138,0.0,0.0,0.0,1.0,0.0
-75.65810341708946,0.0003266365899960988,0.0,0.0,0.0,1.0,0.0
-73.85672935478746,-1.1092941223801651,0.0,0.0,0.0,1.0,0.0
-72.05534571434883,-1.1093091213500286,0.0,0.0,0.0,1.0,0.0
-70.25396207120515,-1.1093237495756851,0.0,0.0,0.0,1.0,0.0
-69.35327024880569,-1.109330924527976,0.0,0.0,0.0,1.0,0.0
-67.55188660586444,-1.109344997485204,0.0,0.0,0.0,1.0,0.0
-67.5518780514027,0.00026039282146328446,0.0,0.0,0.0,1.0,0.0
-67.5518694969042,1.10986578471377,0.0,0.0,0.0,1.0,0.0
-67.55185238816159,3.329076573339614,0.0,0.0,0.0,1.0,0.0
-66.65114414331752,5.548280473390041,0.0,0.0,0.0,1.0,0.0
-66.65113570288165,6.657885874762784,0.0,0.0,0.0,1.0,0.0
-66.65112726264958,7.767491277188827,0.0,0.0,0.0,1.0,0.0
-66.65111038184213,9.986702089848464,0.0,0.0,0.0,1.0,0.0
-66.65110194168216,11.0963074980144,0.0,0.0,0.0,1.0,0.0
-66.65109350125233,12.205912908934966,0.0,0.0,0.0,1.0,0.0
-65.75040304745018,12.20590610405553,0.0,0.0,0.0,1.0,0.0
-63.94902214391199,12.205892771943645,0.0,0.0,0.0,1.0,0.0
-62.14764123874011,12.205879810047957,0.0,0.0,0.0,1.0,0.0
-61.246958541027126,11.096268057042582,0.0,0.0,0.0,1.0,0.0
-59.445577407230346,11.096255650902105,0.0,0.0,0.0,1.0,0.0
-57.6441962731118,11.096243615046472,0.0,0.0,0.0,1.0,0.0
-55.842815142009556,11.096231949260964,0.0,0.0,0.0,1.0,0.0
-54.04143400820225,11.096220654219671,0.0,0.0,0.0,1.0,0.0
-52.24005287478741,11.096209729111216,0.0,0.0,0.0,1.0,0.0
-50.43867174099252,11.096199174673938,0.0,0.0,0.0,1.0,0.0
-48.63729060687585,11.096188990521501,0.0,0.0,0.0,1.0,0.0
-47.73660004170115,11.096184037163614,0.0,0.0,0.0,1.0,0.0
-45.9352189074298,11.096174408455607,0.0,0.0,0.0,1.0,0.0
-44.13383777450571,11.096165149925088,0.0,0.0,0.0,1.0,0.0
-42.332456639889635,11.096156261997102,0.0,0.0,0.0,1.0,0.0
-40.53107550662084,11.0961477442466,0.0,0.0,0.0,1.0,0.0
-39.63038494100641,11.096143624336523,0.0,0.0,0.0,1.0,0.0
-37.82900380758292,11.096135662030452,0.0,0.0,0.0,1.0,0.0
-36.92830388632539,13.31534264306364,0.0,0.0,0.0,1.0,0.0
-36.92829920987775,14.424948057680343,0.0,0.0,0.0,1.0,0.0
-36.928294533393384,15.534553473506346,0.0,0.0,0.0,1.0,0.0
-35.126909864340675,16.64415148419946,0.0,0.0,0.0,1.0,0.0
-34.22621986879601,16.644147919783208,0.0,0.0,0.0,1.0,0.0
-32.42483987551203,16.644141068464783,0.0,0.0,0.0,1.0,0.0
-31.524149879740595,16.644137781665584,0.0,0.0,0.0,1.0,0.0
-29.722769886899616,16.644131486212245,0.0,0.0,0.0,1.0,0.0
-27.921389893795137,16.64412556065742,0.0,0.0,0.0,1.0,0.0
-26.12000990066772,16.64412000559777,0.0,0.0,0.0,1.0,0.0
-24.31862990751737,16.64411482103329,0.0,0.0,0.0,1.0,0.0
-22.517249916071407,16.644110006470292,0.0,0.0,0.0,1.0,0.0
-20.715872544344894,15.534500145215198,0.0,0.0,0.0,1.0,0.0
-19.8151824347685,15.53449806207436,0.0,0.0,0.0,1.0,0.0
-18.013802213362784,15.534494173693096,0.0,0.0,0.0,1.0,0.0
-16.212421992349533,15.53449065524467,0.0,0.0,0.0,1.0,0.0
-14.411041772924108,15.534487507570391,0.0,0.0,0.0,1.0,0.0
-13.51035166148725,15.534486072262801,0.0,0.0,0.0,1.0,0.0
-11.70897143993926,15.534483479929982,0.0,0.0,0.0,1.0,0.0
-9.907592473148949,14.424875842145962,0.0,0.0,0.0,1.0,0.0
-8.106210997488711,15.534479406397853,0.0,0.0,0.0,1.0,0.0
-8.10620997072617,16.644084823805088,0.0,0.0,0.0,1.0,0.0
-8.1062089440509,17.753690244167274,0.0,0.0,0.0,1.0,0.0
-8.106206891187837,19.972901089692883,0.0,0.0,0.0,1.0,0.0
-8.106205864526368,21.08250651429964,0.0,0.0,0.0,1.0,0.0
-7.205515412988156,22.192111154931297,0.0,0.0,0.0,1.0,0.0
-6.304825986143529,22.19211046042006,0.0,0.0,0.0,1.0,0.0
-4.503447133124041,22.192109349645612,0.0,0.0,0.0,1.0,0.0
-3.602757708020534,22.192108932854396,0.0,0.0,0.0,1.0,0.0
-1.8013788555023211,22.192108377558704,0.0,0.0,0.0,1.0,0.0
-3.956071026323116e-10,22.192108192234556,0.0,0.0,0.0,1.0,0.0
1.8013788497851966,22.192108377469843,0.0,0.0,0.0,1.0,0.0
3.602758158117685,21.08250350528266,0.0,0.0,0.0,1.0,0.0
4.5034476977174585,21.082503922006637,0.0,0.0,0.0,1.0,0.0
6.304826778754535,21.082505032792675,0.0,0.0,0.0,1.0,0.0
8.106205861483588,21.082506514181244,0.0,0.0,0.0,1.0,0.0
9.90758494024153,21.082508365884593,0.0,0.0,0.0,1.0,0.0
11.708964020334333,21.082510588014465,0.0,0.0,0.0,1.0,0.0
13.510343101047752,21.082513180218857,0.0,0.0,0.0,1.0,0.0
14.411032640504763,21.0825146149879,0.0,0.0,0.0,1.0,0.0
16.212411719106143,21.08251776295002,0.0,0.0,0.0,1.0,0.0
18.013793083009084,19.97291585658286,0.0,0.0,0.0,1.0,0.0
19.815172392036146,19.972919745356798,0.0,0.0,0.0,1.0,0.0
21.616551701027863,19.97292400423958,0.0,0.0,0.0,1.0,0.0
22.517238502400765,21.082531697050044,0.0,0.0,0.0,1.0,0.0
24.31861758110908,21.082536511169444,0.0,0.0,0.0,1.0,0.0
26.119993356194193,22.192147123850063,0.0,0.0,0.0,1.0,0.0
27.020682781438094,22.192149854810484,0.0,0.0,0.0,1.0,0.0
28.822057983808065,23.30176102432152,0.0,0.0,0.0,1.0,0.0
30.623432730958882,24.411372565659498,0.0,0.0,0.0,1.0,0.0
31.52412192993497,24.4113757601418,0.0,0.0,0.0,1.0,0.0
33.325496103299294,25.520987858534845,0.0,0.0,0.0,1.0,0.0
35.12687427201787,25.52099489515922,0.0,0.0,0.0,1.0,0.0
36.027558794575576,26.630603987437347,0.0,0.0,0.0,1.0,0.0
37.82893673503691,26.630611579581704,0.0,0.0,0.0,1.0,0.0
39.63031969363691,25.521014106069202,0.0,0.0,0.0,1.0,0.0
41.43169785951681,25.52102243870331,0.0,0.0,0.0,1.0,0.0
43.233076027387526,25.521031141729615,0.0,0.0,0.0,1.0,0.0
45.03445419587885,25.521040214830442,0.0,0.0,0.0,1.0,0.0
46.835832364035994,25.521049658250433,0.0,0.0,0.0,1.0,0.0
48.63721053221608,25.5210594721656,0.0,0.0,0.0,1.0,0.0
50.43858870071794,25.52106965636561,0.0,0.0,0.0,1.0,0.0
51.339284284745275,24.41146945460826,0.0,0.0,0.0,1.0,0.0
53.140662680858945,24.411480194421795,0.0,0.0,0.0,1.0,0.0
54.94204107896343,24.411491304627532,0.0,0.0,0.0,1.0,0.0
55.84273027580405,24.411496998465893,0.0,0.0,0.0,1.0,0.0
57.644108670426306,24.41150866411168,0.0,0.0,0.0,1.0,0.0
59.44548706602629,24.41152070000798,0.0,0.0,0.0,1.0,0.0
61.246865462604006,24.411533106154806,0.0,0.0,0.0,1.0,0.0
63.04824386117255,24.411545882693837,0.0,0.0,0.0,1.0,0.0
63.948941156351054,23.301946978964708,0.0,0.0,0.0,1.0,0.0
65.75031977889448,23.30196031111287,0.0,0.0,0.0,1.0,0.0
67.55169840277277,23.301974013687566,0.0,0.0,0.0,1.0,0.0
69.35307702691455,23.301988086160772,0.0,0.0,0.0,1.0,0.0
71.15445565406023,23.302002529167865,0.0,0.0,0.0,1.0,0.0
72.95583427592288,23.30201734255838,0.0,0.0,0.0,1.0,0.0
74.75721290013348,23.302032526517102,0.0,0.0,0.0,1.0,0.0
76.55859152395159,23.302048080408667,0.0,0.0,0.0,1.0,0.0
78.35998007146304,22.192458575686942,0.0,0.0,0.0,1.0,0.0
80.16135892373896,22.192474870493292,0.0,0.0,0.0,1.0,0.0
81.96273777436878,22.19249153568746,0.0,0.0,0.0,1.0,0.0
83.7641166266323,22.192508571097825,0.0,0.0,0.0,1.0,0.0
85.56549547891876,22.192525977003363,0.0,0.0,0.0,1.0,0.0
86.46618490633787,22.192534818801178,0.0,0.0,0.0,1.0,0.0
88.26756375842189,22.192552779975138,0.0,0.0,0.0,1.0,0.0
90.06894260850268,22.192571111360913,0.0,0.0,0.0,1.0,0.0
91.87033309465588,21.08298438567821,0.0,0.0,0.0,1.0,0.0
93.67171217551947,21.083003458051806,0.0,0.0,0.0,1.0,0.0
95.4730912583156,21.08302290043128,0.0,0.0,0.0,1.0,0.0
97.27447033618583,21.083042713370183,0.0,0.0,0.0,1.0,0.0
99.07584941676112,21.083062897053296,0.0,0.0,0.0,1.0,0.0
100.87722849688565,21.083083450282913,0.0,0.0,0.0,1.0,0.0
101.77791803610651,21.0830938659509,0.0,0.0,0.0,1.0,0.0
103.57931023556412,19.973509550827966,0.0,0.0,0.0,1.0,0.0
105.38068954135554,19.97353103026925,0.0,0.0,0.0,1.0,0.0
107.18206885009255,19.973552879858087,0.0,0.0,0.0,1.0,0.0
108.98344815819655,19.973575099976426,0.0,0.0,0.0,1.0,0.0
110.78482746697944,19.973597690555607,0.0,0.0,0.0,1.0,0.0
111.68551712249734,19.973609124795406,0.0,0.0,0.0,1.0,0.0
113.48689642845396,19.973632270780314,0.0,0.0,0.0,1.0,0.0
115.28827573670023,19.97365578694709,0.0,0.0,0.0,1.0,0.0
117.08966987294829,18.864074250233482,0.0,0.0,0.0,1.0,0.0
118.89104940935351,18.864098507525377,0.0,0.0,0.0,1.0,0.0
120.69242894566513,18.86412313453979,0.0,0.0,0.0,1.0,0.0
121.59311871312893,18.864135586995005,0.0,0.0,0.0,1.0,0.0
123.39449824929639,18.864160769664164,0.0,0.0,0.0,1.0,0.0
125.19587778584389,18.864186323004503,0.0,0.0,0.0,1.0,0.0
126.99725732205722,18.86421224666401,0.0,0.0,0.0,1.0,0.0
128.79865316857044,17.754633118579804,0.0,0.0,0.0,1.0,0.0
130.60003293151425,17.75465978266041,0.0,0.0,0.0,1.0,0.0
132.4014126954941,17.75468681737788,0.0,0.0,0.0,1.0,0.0
134.20279246271838,17.75471422203256,0.0,0.0,0.0,1.0,0.0
135.1034823435212,17.754728063516055,0.0,0.0,0.0,1.0,0.0
136.90486210797746,17.75475602396279,0.0,0.0,0.0,1.0,0.0
138.7062418700734,17.754784354445334,0.0,0.0,0.0,1.0,0.0
140.50762163416016,17.754813055320085,0.0,0.0,0.0,1.0,0.0
142.30901942259496,16.645236706103276,0.0,0.0,0.0,1.0,0.0
144.11039941519778,16.645266148279156,0.0,0.0,0.0,1.0,0.0
145.01108941021323,16.645281007664757,0.0,0.0,0.0,1.0,0.0
146.81246940028865,16.645311005036028,0.0,0.0,0.0,1.0,0.0
148.6138493926537,16.645341372589165,0.0,0.0,0.0,1.0,0.0
150.41522938730841,16.645372110324175,0.0,0.0,0.0,1.0,0.0
152.21660938001818,16.64540321865733,0.0,0.0,0.0,1.0,0.0
154.01798937036762,16.64543469702629,0.0,0.0,0.0,1.0,0.0
154.91869898328878,15.535845157729893,0.0,0.0,0.0,1.0,0.0
156.72007920363328,15.535877192171752,0.0,0.0,0.0,1.0,0.0
158.52145942650802,15.535909596198819,0.0,0.0,0.0,1.0,0.0
160.32283964678183,15.535942370858356,0.0,0.0,0.0,1.0,0.0
162.1242198647536,15.535975515940029,0.0,0.0,0.0,1.0,0.0
163.92560008537214,15.536009031379583,0.0,0.0,0.0,1.0,0.0
165.72698030601362,15.53604291731431,0.0,0.0,0.0,1.0,0.0
167.52838174102288,14.426471757834875,0.0,0.0,0.0,1.0,0.0
168.42907196662924,14.426489024575922,0.0,0.0,0.0,1.0,0.0
170.23045241252217,14.42652383615998,0.0,0.0,0.0,1.0,0.0
172.0318328610619,14.42655901810192,0.0,0.0,0.0,1.0,0.0
173.83321330926742,14.426594570363022,0.0,0.0,0.0,1.0,0.0
175.63459375809356,14.42663049269865,0.0,0.0,0.0,1.0,0.0
177.4359742066438,14.42666678573977,0.0,0.0,0.0,1.0,0.0
179.23735465253486,14.42670344902703,0.0,0.0,0.0,1.0,0.0
181.03875802851093,13.317135068283308,0.0,0.0,0.0,1.0,0.0
182.8401387051265,13.317172472172063,0.0,0.0,0.0,1.0,0.0
184.64151938176502,13.31721024655599,0.0,0.0,0.0,1.0,0.0
186.44290005568607,13.31724839079972,0.0,0.0,0.0,1.0,0.0
188.24428073231218,13.317286905787656,0.0,0.0,0.0,1.0,0.0
189.14497107124515,13.317306302160995,0.0,0.0,0.0,1.0,0.0
190.94635174737,13.317345372627686,0.0,0.0,0.0,1.0,0.0
192.74773242411544,13.317384813168895,0.0,0.0,0.0,1.0,0.0
193.64844728152926,12.20779926040164,0.0,0.0,0.0,1.0,0.0
195.44982818624362,12.207839256732381,0.0,0.0,0.0,1.0,0.0
197.25120909229287,12.20787962348965,0.0,0.0,0.0,1.0,0.0
199.9532804476699,12.207940867891278,0.0,0.0,0.0,1.0,0.0
201.7546613498444,12.207982160021427,0.0,0.0,0.0,1.0,0.0
203.55604225442517,12.208023823106107,0.0,0.0,0.0,1.0,0.0
205.35742316058133,12.208065856020657,0.0,0.0,0.0,1.0,0.0
207.15883029875607,11.098502848592982,0.0,0.0,0.0,1.0,0.0
208.96021143104505,11.098545622349288,0.0,0.0,0.0,1.0,0.0
209.86090199372427,11.09856714841791,0.0,0.0,0.0,1.0,0.0
211.6622831258108,11.098610477442644,0.0,0.0,0.0,1.0,0.0
213.4636642606024,11.09865417721159,0.0,0.0,0.0,1.0,0.0
215.2650453927348,11.098698247226668,0.0,0.0,0.0,1.0,0.0
216.16573595793045,11.09872042109421,0.0,0.0,0.0,1.0,0.0
218.86780765468515,11.09878749828297,0.0,0.0,0.0,1.0,0.0
219.7684982218716,11.09881004254272,0.0,0.0,0.0,1.0,0.0
221.5699074125118,9.98925000076036,0.0,0.0,0.0,1.0,0.0
222.47059809129945,9.989272822455508,0.0,0.0,0.0,1.0,0.0
224.27197945148478,9.989318743922222,0.0,0.0,0.0,1.0,0.0
225.17267013323962,9.989341843869806,0.0,0.0,0.0,1.0,0.0
226.07336080972522,9.989365035987088,0.0,0.0,0.0,1.0,0.0
226.97410897647558,7.77017750928671,0.0,0.0,0.0,1.0,0.0
226.97413771940714,6.660572107374716,0.0,0.0,0.0,1.0,0.0
226.97419520531474,4.441361307428981,0.0,0.0,0.0,1.0,0.0
226.9742239476348,3.331755909429558,0.0,0.0,0.0,1.0,0.0
226.07358983994845,1.112521836286008,0.0,0.0,0.0,1.0,0.0
226.07361846861357,0.002916444907768323,0.0,0.0,0.0,1.0,0.0
226.07364709725715,-1.1066889452711826,0.0,0.0,0.0,1.0,0.0
226.0737043550625,-3.3258997192968485,0.0,0.0,0.0,1.0,0.0
226.0737616121108,-5.5451104853360285,0.0,0.0,0.0,1.0,0.0
226.07379024104716,-6.654715866930138,0.0,0.0,0.0,1.0,0.0
225.1731548827376,-8.873949813959719,0.0,0.0,0.0,1.0,0.0
225.17318339766192,-9.983555189485,0.0,0.0,0.0,1.0,0.0
225.17321191220014,-11.09316056222132,0.0,0.0,0.0,1.0,0.0
225.17326894127015,-13.312371302957075,0.0,0.0,0.0,1.0,0.0
225.1733259702974,-15.531582035354301,0.0,0.0,0.0,1.0,0.0
225.17335448501183,-16.641187399525805,0.0,0.0,0.0,1.0,0.0
225.17341151442687,-18.860398121742566,0.0,0.0,0.0,1.0,0.0
224.27274626807912,-19.970026580385856,0.0,0.0,0.0,1.0,0.0
224.2727746684611,-21.079631937078886,0.0,0.0,0.0,1.0,0.0
224.27283146944436,-23.29884264354606,0.0,0.0,0.0,1.0,0.0
224.27285986957196,-24.408447994268855,0.0,0.0,0.0,1.0,0.0
224.27291667058591,-26.627658690731565,0.0,0.0,0.0,1.0,0.0
224.27294507141394,-27.73726403535246,0.0,0.0,0.0,1.0,0.0
223.3723070874379,-29.9564977268674,0.0,0.0,0.0,1.0,0.0
223.37233537383847,-31.066103067487116,0.0,0.0,0.0,1.0,0.0
223.37239194620298,-33.2853137410207,0.0,0.0,0.0,1.0,0.0
223.37242023300516,-34.39491907532819,0.0,0.0,0.0,1.0,0.0
223.37247680564093,-36.6141297375723,0.0,0.0,0.0,1.0,0.0
223.37250509188988,-37.723735066075584,0.0,0.0,0.0,1.0,0.0
223.37256166461464,-39.94294571755256,0.0,0.0,0.0,1.0,0.0
222.4718940227931,-41.05257395547943,0.0,0.0,0.0,1.0,0.0
222.47195036719486,-43.2717845957374,0.0,0.0,0.0,1.0,0.0
222.4720067116778,-45.49099522864985,0.0,0.0,0.0,1.0,0.0
222.4720348837921,-46.6006005419328,0.0,0.0,0.0,1.0,0.0
222.47209122872115,-48.819811163902116,0.0,0.0,0.0,1.0,0.0
222.47211940087993,-49.92941647255416,0.0,0.0,0.0,1.0,0.0
221.57145062098817,-51.03904460076805,0.0,0.0,0.0,1.0,0.0
221.5715067371283,-53.25825520754009,0.0,0.0,0.0,1.0,0.0
221.57153479495463,-54.36786050909001,0.0,0.0,0.0,1.0,0.0
221.571590911366,-56.58707110494892,0.0,0.0,0.0,1.0,0.0
221.5716189696522,-57.69667639904761,0.0,0.0,0.0,1.0,0.0
221.57167508591195,-59.91588698316641,0.0,0.0,0.0,1.0,0.0
221.5717031437107,-61.02549227359286,0.0,0.0,0.0,1.0,0.0
220.67106105093785,-63.244725575631854,0.0,0.0,0.0,1.0,0.0
220.6710889947828,-64.35433086148478,0.0,0.0,0.0,1.0,0.0
220.67114488299083,-66.57354142271879,0.0,0.0,0.0,1.0,0.0
220.6711728269968,-67.68314670053385,0.0,0.0,0.0,1.0,0.0
221.57189955038547,-68.79272924850167,0.0,0.0,0.0,1.0,0.0
221.57195566621306,-71.01193979600453,0.0,0.0,0.0,1.0,0.0
221.57198372441508,-72.121545066773,0.0,0.0,0.0,1.0,0.0
221.57201178229667,-73.23115033613183,0.0,0.0,0.0,1.0,0.0
223.37343853773126,-74.34070986748264,0.0,0.0,0.0,1.0,0.0
224.27413788460575,-74.34068686017677,0.0,0.0,0.0,1.0,0.0
226.07553657929572,-74.34064056759598,0.0,0.0,0.0,1.0,0.0
227.87693527889917,-74.34059390497063,0.0,0.0,0.0,1.0,0.0
229.6783339759017,-74.3405468717128,0.0,0.0,0.0,1.0,0.0
231.4797326725701,-74.3404994681358,0.0,0.0,0.0,1.0,0.0
233.28113136920308,-74.34045169444997,0.0,0.0,0.0,1.0,0.0
235.08253006419,-74.34040355037632,0.0,0.0,0.0,1.0,0.0
236.8839287608689,-74.34035503570013,0.0,0.0,0.0,1.0,0.0
237.7846281106045,-74.34033063981533,0.0,0.0,0.0,1.0,0.0
238.68529723263634,-73.23070088289694,0.0,0.0,0.0,1.0,0.0
239.5859964681483,-73.23067630191994,0.0,0.0,0.0,1.0,0.0
239.58593578955492,-71.01146576174946,0.0,0.0,0.0,1.0,0.0
239.58590545060844,-69.90186048880145,0.0,0.0,0.0,1.0,0.0
239.5858751111593,-68.7922552145898,0.0,0.0,0.0,1.0,0.0
239.58581443284493,-66.57304465933196,0.0,0.0,0.0,1.0,0.0
239.58578409403793,-65.4634393790284,0.0,0.0,0.0,1.0,0.0
240.48645207531737,-64.35380942420824,0.0,0.0,0.0,1.0,0.0
240.48642162210447,-63.24420413846849,0.0,0.0,0.0,1.0,0.0
242.28781803515574,-63.244154513130916,0.0,0.0,0.0,1.0,0.0
244.08921445317878,-63.24410451736241,0.0,0.0,0.0,1.0,0.0
245.89061086889973,-63.24405415117178,0.0,0.0,0.0,1.0,0.0
246.79130907568197,-63.24402882949762,0.0,0.0,0.0,1.0,0.0
248.5927054909017,-63.24397790782824,0.0,0.0,0.0,1.0,0.0
250.39413361189474,-64.35353190133186,0.0,0.0,0.0,1.0,0.0
252.19553025754016,-64.35348023885065,0.0,0.0,0.0,1.0,0.0
253.09622857862863,-64.35345426899688,0.0,0.0,0.0,1.0,0.0
254.89762522174658,-64.35340205132029,0.0,0.0,0.0,1.0,0.0
256.6990218655434,-64.35334946318284,0.0,0.0,0.0,1.0,0.0
258.5004185067393,-64.35329650441292,0.0,0.0,0.0,1.0,0.0
260.30181515249166,-64.35324317577444,0.0,0.0,0.0,1.0,0.0
261.2025134730068,-64.35321637261453,0.0,0.0,0.0,1.0,0.0
263.00391011599106,-64.35316248818398,0.0,0.0,0.0,1.0,0.0
264.8053402923141,-65.46271351414194,0.0,0.0,0.0,1.0,0.0
266.6067371613729,-65.46265888925598,0.0,0.0,0.0,1.0,0.0
267.50743559851924,-65.46263143784343,0.0,0.0,0.0,1.0,0.0
269.308832469103,-65.46257625719535,0.0,0.0,0.0,1.0,0.0
271.11022934030734,-65.46252070647274,0.0,0.0,0.0,1.0,0.0
272.9116262118917,-65.46246478507896,0.0,0.0,0.0,1.0,0.0
274.7130230833825,-65.46240849396268,0.0,0.0,0.0,1.0,0.0
276.51441995495446,-65.4623518319649,0.0,0.0,0.0,1.0,0.0
278.31581682583516,-65.46229479982394,0.0,0.0,0.0,1.0,0.0
280.11721369709585,-65.46223739701182,0.0,0.0,0.0,1.0,0.0
281.01794771709626,-66.57181383725045,0.0,0.0,0.0,1.0,0.0
282.8193448165665,-66.57175587924546,0.0,0.0,0.0,1.0,0.0
284.62074191540376,-66.57169755071097,0.0,0.0,0.0,1.0,0.0
286.4221390149198,-66.5716388517156,0.0,0.0,0.0,1.0,0.0
288.2235361137447,-66.5715797825771,0.0,0.0,0.0,1.0,0.0
290.0249332128912,-66.57152034315375,0.0,0.0,0.0,1.0,0.0
291.8263303096775,-66.57146053369459,0.0,0.0,0.0,1.0,0.0
293.6277274088699,-66.5714003532809,0.0,0.0,0.0,1.0,0.0
295.42916191886496,-67.68094508063356,0.0,0.0,0.0,1.0,0.0
296.32986058311997,-67.68091466642554,0.0,0.0,0.0,1.0,0.0
298.13125791018774,-67.6808535604998,0.0,0.0,0.0,1.0,0.0
299.9326552349534,-67.68079208415193,0.0,0.0,0.0,1.0,0.0
300.8333538996252,-67.68076120699124,0.0,0.0,0.0,1.0,0.0
302.63475122615637,-67.68069917547791,0.0,0.0,0.0,1.0,0.0
304.4361485534247,-67.68063677311739,0.0,0.0,0.0,1.0,0.0
306.2375458800017,-67.68057400061372,0.0,0.0,0.0,1.0,0.0
308.0389432049326,-67.68051085772223,0.0,0.0,0.0,1.0,0.0
309.84037976716,-68.79005262172757,0.0,0.0,0.0,1.0,0.0
311.64177732180235,-68.78998873837628,0.0,0.0,0.0,1.0,0.0
313.44317487914975,-68.78992448428073,0.0,0.0,0.0,1.0,0.0
315.24457243175357,-68.7898598606088,0.0,0.0,0.0,1.0,0.0
317.04596998676357,-68.78979486598229,0.0,0.0,0.0,1.0,0.0
318.8473675414393,-68.78972950103662,0.0,0.0,0.0,1.0,0.0
320.64876509613805,-68.7896637655958,0.0,0.0,0.0,1.0,0.0
322.4501626508015,-68.78959766004613,0.0,0.0,0.0,1.0,0.0
324.25156020310453,-68.78953118446063,0.0,0.0,0.0,1.0,0.0
325.152300155969,-69.89910308140833,0.0,0.0,0.0,1.0,0.0
326.9536979388648,-69.8990360501706,0.0,0.0,0.0,1.0,0.0
328.7550957211859,-69.89896864801705,0.0,0.0,0.0,1.0,0.0
330.5564935037705,-69.89890087596498,0.0,0.0,0.0,1.0,0.0
331.4571923939554,-69.89886685155327,0.0,0.0,0.0,1.0,0.0
333.2585901763958,-69.89879852384647,0.0,0.0,0.0,1.0,0.0
335.059987959158,-69.89872982585479,0.0,0.0,0.0,1.0,0.0
336.861385741586,-69.89866075754395,0.0,0.0,0.0,1.0,0.0
338.6627835236798,-69.89859131891396,0.0,0.0,0.0,1.0,0.0
339.56352541319245,-71.00816173312441,0.0,0.0,0.0,1.0,0.0
341.36492342385293,-71.00809173912555,0.0,0.0,0.0,1.0,0.0
343.16632143453626,-71.00802137463148,0.0,0.0,0.0,1.0,0.0
344.96771944452837,-71.00795063999428,0.0,0.0,0.0,1.0,0.0
346.76911745460166,-71.00787953447556,0.0,0.0,0.0,1.0,0.0
348.57051546261346,-71.00780805913135,0.0,0.0,0.0,1.0,0.0
349.47121446893743,-71.00777218227938,0.0,0.0,0.0,1.0,0.0
351.27261247972774,-71.00770015162803,0.0,0.0,0.0,1.0,0.0
353.07401048922907,-71.0076277504129,0.0,0.0,0.0,1.0,0.0
354.87545343789293,-72.11716024887266,0.0,0.0,0.0,1.0,0.0
355.77615255584107,-72.1171237240901,0.0,0.0,0.0,1.0,0.0
357.5775507942891,-72.11705039683488,0.0,0.0,0.0,1.0,0.0
359.3789490327017,-72.11697669947083,0.0,0.0,0.0,1.0,0.0
360.27964815243683,-72.11693971141796,0.0,0.0,0.0,1.0,0.0
362.08100053947044,-71.00726018859217,0.0,0.0,0.0,1.0,0.0
363.8823985476809,-71.00718556510998,0.0,0.0,0.0,1.0,0.0
364.7830513582583,-69.89754284227175,0.0,0.0,0.0,1.0,0.0
366.5844491395235,-69.89746766333823,0.0,0.0,0.0,1.0,0.0
367.48514803208786,-69.89742993506076,0.0,0.0,0.0,1.0,0.0
369.2865458132088,-69.8973542004725,0.0,0.0,0.0,1.0,0.0
371.08794359262544,-69.89727809588274,0.0,0.0,0.0,1.0,0.0
372.88934137439,-69.89720162072479,0.0,0.0,0.0,1.0,0.0
374.69073915576206,-69.89712477563401,0.0,0.0,0.0,1.0,0.0
375.5914380474543,-69.89708621384008,0.0,0.0,0.0,1.0,0.0
377.3928358290393,-69.89700881291853,0.0,0.0,0.0,1.0,0.0
379.19423360796515,-69.89693104175083,0.0,0.0,0.0,1.0,0.0
380.9956796358725,-71.00645817235477,0.0,0.0,0.0,1.0,0.0
382.7970776455229,-71.00637966058557,0.0,0.0,0.0,1.0,0.0
384.5984756568652,-71.00630077821387,0.0,0.0,0.0,1.0,0.0
386.39987366620437,-71.00622152563034,0.0,0.0,0.0,1.0,0.0
388.2012716732414,-71.00614190262468,0.0,0.0,0.0,1.0,0.0
390.0026696825681,-71.00606190943716,0.0,0.0,0.0,1.0,0.0
391.80406769191774,-71.00598154575445,0.0,0.0,0.0,1.0,0.0
392.70476669721245,-71.00594122503372,0.0,0.0,0.0,1.0,0.0
394.50616470671685,-71.0058603059066,0.0,0.0,0.0,1.0,0.0
396.3076128985375,-72.11538428648393,0.0,0.0,0.0,1.0,0.0
398.1090111354866,-72.11530262658368,0.0,0.0,0.0,1.0,0.0
399.9104093724586,-72.11522059618827,0.0,0.0,0.0,1.0,0.0
401.71180760969406,-72.11513819589433,0.0,0.0,0.0,1.0,0.0
403.5132058443287,-72.11505542496792,0.0,0.0,0.0,1.0,0.0
404.4139049640843,-72.11501390062315,0.0,0.0,0.0,1.0,0.0
406.2153032008415,-72.1149305743553,0.0,0.0,0.0,1.0,0.0
408.01670143792035,-72.11484687780259,0.0,0.0,0.0,1.0,0.0
409.8180996747234,-72.11476281054442,0.0,0.0,0.0,1.0,0.0
411.61949790916606,-72.1146783732504,0.0,0.0,0.0,1.0,0.0
413.4209484978102,-73.22419883401813,0.0,0.0,0.0,1.0,0.0
415.2223469646465,-73.22411365601528,0.0,0.0,0.0,1.0,0.0
417.0237454295377,-73.22402810741423,0.0,0.0,0.0,1.0,0.0
417.9244446609051,-73.22398519453489,0.0,0.0,0.0,1.0,0.0
419.72584312332725,-73.22389909035218,0.0,0.0,0.0,1.0,0.0
421.52724158798077,-73.22381261637392,0.0,0.0,0.0,1.0,0.0
422.42794082143394,-73.22376924043459,0.0,0.0,0.0,1.0,0.0
424.22933928630044,-73.22368221062555,0.0,0.0,0.0,1.0,0.0
426.03073775017674,-73.22359481046303,0.0,0.0,0.0,1.0,0.0
427.8321362127058,-73.223507040123,0.0,0.0,0.0,1.0,0.0
429.63353467692684,-73.22341889918047,0.0,0.0,0.0,1.0,0.0
430.53423391016383,-73.223374689759,0.0,0.0,0.0,1.0,0.0
432.3356323741824,-73.22328599354805,0.0,0.0,0.0,1.0,0.0
434.13708581389585,-74.33280219428227,0.0,0.0,0.0,1.0,0.0
435.93848450404727,-74.33271275722954,0.0,0.0,0.0,1.0,0.0
437.73988319648834,-74.33262294999494,0.0,0.0,0.0,1.0,0.0
439.54128189062135,-74.33253277215782,0.0,0.0,0.0,1.0,0.0
441.3426805834072,-74.3324422241432,0.0,0.0,0.0,1.0,0.0
443.14407927484564,-74.33235130595111,0.0,0.0,0.0,1.0,0.0
444.94547796463803,-74.33226001737118,0.0,0.0,0.0,1.0,0.0
445.84617730967676,-74.33221423407954,0.0,0.0,0.0,1.0,0.0
447.6476326899341,-75.44172765336941,0.0,0.0,0.0,1.0,0.0
449.44903161064104,-75.44163543885242,0.0,0.0,0.0,1.0,0.0
451.2504305306567,-75.44154285419225,0.0,0.0,0.0,1.0,0.0
452.1511299870207,-75.44149642275968,0.0,0.0,0.0,1.0,0.0
453.9525289088601,-75.44140328254775,0.0,0.0,0.0,1.0,0.0
455.7539278287545,-75.44130977173765,0.0,0.0,0.0,1.0,0.0
457.55532674867186,-75.44121589043237,0.0,0.0,0.0,1.0,0.0
458.45602620755227,-75.44116881120092,0.0,0.0,0.0,1.0,0.0
460.25748340778796,-76.55067963658449,0.0,0.0,0.0,1.0,0.0
462.0588825575485,-76.55058482987015,0.0,0.0,0.0,1.0,0.0
463.86028170566294,-76.55048965276798,0.0,0.0,0.0,1.0,0.0
465.66168085314433,-76.55039410513633,0.0,0.0,0.0,1.0,0.0
467.46308000094757,-76.55029818721985,0.0,0.0,0.0,1.0,0.0
468.36377957123443,-76.55025008896595,0.0,0.0,0.0,1.0,0.0
470.1651787205043,-76.5501536156737,0.0,0.0,0.0,1.0,0.0
471.96657786812796,-76.5500567719936,0.0,0.0,0.0,1.0,0.0
473.7679770157746,-76.54995955781834,0.0,0.0,0.0,1.0,0.0
475.5694363846976,-77.6594672332696,0.0,0.0,0.0,1.0,0.0
476.4701360697214,-77.65941830209718,0.0,0.0,0.0,1.0,0.0
478.2715354466135,-77.6593201620922,0.0,0.0,0.0,1.0,0.0
480.07293482215835,-77.65922165190969,0.0,0.0,0.0,1.0,0.0
481.87433419707025,-77.65912277119773,0.0,0.0,0.0,1.0,0.0
483.675733572661,-77.6590235200249,0.0,0.0,0.0,1.0,0.0
485.47707146846346,-76.54931863877056,0.0,0.0,0.0,1.0,0.0
487.2784706152145,-76.5492186474805,0.0,0.0,0.0,1.0,0.0
489.07986976240386,-76.54911828513295,0.0,0.0,0.0,1.0,0.0
490.88126890949957,-76.5490175530629,0.0,0.0,0.0,1.0,0.0
491.78196848351797,-76.5489670480433,0.0,0.0,0.0,1.0,0.0
493.583305125017,-75.43926049787567,0.0,0.0,0.0,1.0,0.0
495.3847667745213,-76.54876410175086,0.0,0.0,0.0,1.0,0.0
497.18616592181763,-76.54866207324605,0.0,0.0,0.0,1.0,0.0
498.9875650681238,-76.54855967438769,0.0,0.0,0.0,1.0,0.0
499.8882646425818,-76.5485083359203,0.0,0.0,0.0,1.0,0.0
501.6896637867177,-76.5484053816906,0.0,0.0,0.0,1.0,0.0
503.4910629332014,-76.54830205689268,0.0,0.0,0.0,1.0,0.0
505.2924620789938,-76.54819836195156,0.0,0.0,0.0,1.0,0.0
507.0938612254652,-76.5480942965496,0.0,0.0,0.0,1.0,0.0
508.8952603719595,-76.54798986065248,0.0,0.0,0.0,1.0,0.0
510.69672418854054,-77.65749031431642,0.0,0.0,0.0,1.0,0.0
511.5974238744785,-77.6574377722637,0.0,0.0,0.0,1.0,0.0
513.398823248491,-77.65733241103055,0.0,0.0,0.0,1.0,0.0
514.299522936682,-77.65727959107744,0.0,0.0,0.0,1.0,0.0
514.2995880631835,-78.7668848496248,0.0,0.0,0.0,1.0,0.0
514.299653189423,-79.87649010599986,0.0,0.0,0.0,1.0,0.0
514.2997834423034,-82.0957006128141,0.0,0.0,0.0,1.0,0.0
514.299848568529,-83.20530586419193,0.0,0.0,0.0,1.0,0.0
514.299913695265,-84.31491111378816,0.0,0.0,0.0,1.0,0.0
514.300043947652,-86.53412160625336,0.0,0.0,0.0,1.0,0.0
514.3001090738929,-87.64372684815368,0.0,0.0,0.0,1.0,0.0
514.3002393267259,-89.86293732967573,0.0,0.0,0.0,1.0,0.0
514.3003695790425,-92.08214780343161,0.0,0.0,0.0,1.0,0.0
513.3997334205937,-93.19180585801999,0.0,0.0,0.0,1.0,0.0
513.3998634448278,-95.41101632040082,0.0,0.0,0.0,1.0,0.0
513.3999284571165,-96.52062154919284,0.0,0.0,0.0,1.0,0.0
513.3999934689608,-97.63022677595852,0.0,0.0,0.0,1.0,0.0
513.400058481556,-98.73983200041022,0.0,0.0,0.0,1.0,0.0
513.4001234935904,-99.84943722323196,0.0,0.0,0.0,1.0,0.0
513.4001885053626,-100.95904244463411,0.0,0.0,0.0,1.0,0.0
513.400318529367,-103.17825288149248,0.0,0.0,0.0,1.0,0.0
512.4996811182889,-104.2879108240426,0.0,0.0,0.0,1.0,0.0
511.5989786928068,-104.28796345890811,0.0,0.0,0.0,1.0,0.0
510.69834093924635,-105.39762121430859,0.0,0.0,0.0,1.0,0.0
508.89693586231334,-105.397726020728,0.0,0.0,0.0,1.0,0.0
507.0955307850462,-105.39783045682829,0.0,0.0,0.0,1.0,0.0
505.2941257074449,-105.39793452260939,0.0,0.0,0.0,1.0,0.0
503.4927206305224,-105.39803821792965,0.0,0.0,0.0,1.0,0.0
502.59201809312935,-105.39808992702591,0.0,0.0,0.0,1.0,0.0
500.79061301308184,-105.39819306673012,0.0,0.0,0.0,1.0,0.0
498.98920793794775,-105.39829583638975,0.0,0.0,0.0,1.0,0.0
497.1877399020988,-104.2887930219373,0.0,0.0,0.0,1.0,0.0
495.38633505208446,-104.28889505089685,0.0,0.0,0.0,1.0,0.0
493.584930202749,-104.28899670939558,0.0,0.0,0.0,1.0,0.0
491.78352535504723,-104.28909799767806,0.0,0.0,0.0,1.0,0.0
489.9821205060565,-104.28919891539678,0.0,0.0,0.0,1.0,0.0
489.0814180800346,-104.28924923536178,0.0,0.0,0.0,1.0,0.0
487.2799515257754,-103.17974438210292,0.0,0.0,0.0,1.0,0.0
485.4785469040623,-103.17984437388893,0.0,0.0,0.0,1.0,0.0
483.6771422846388,-103.17994399549302,0.0,0.0,0.0,1.0,0.0
482.7764399728649,-103.17999366766476,0.0,0.0,0.0,1.0,0.0
480.97503535097235,-103.18009273368716,0.0,0.0,0.0,1.0,0.0
479.17363072940145,-103.18019142942471,0.0,0.0,0.0,1.0,0.0
477.37222610713934,-103.18028975501909,0.0,0.0,0.0,1.0,0.0
475.5708214872251,-103.18038771004527,0.0,0.0,0.0,1.0,0.0
473.7694168653077,-103.18048529485965,0.0,0.0,0.0,1.0,0.0
471.9680122434132,-103.18058250917883,0.0,0.0,0.0,1.0,0.0
470.16660762082745,-103.18067935335488,0.0,0.0,0.0,1.0,0.0
469.26584588587343,-102.07112241785586,0.0,0.0,0.0,1.0,0.0
467.46444149388043,-102.07121870637963,0.0,0.0,0.0,1.0,0.0
465.6630370995854,-102.07131462448129,0.0,0.0,0.0,1.0,0.0
463.861632705612,-102.0714101722981,0.0,0.0,0.0,1.0,0.0
462.0602283109474,-102.07150534997174,0.0,0.0,0.0,1.0,0.0
460.258823914695,-102.07160015687126,0.0,0.0,0.0,1.0,0.0
458.45741952234295,-102.07169459386785,0.0,0.0,0.0,1.0,0.0
456.65601512804596,-102.07178866026631,0.0,0.0,0.0,1.0,0.0
454.8546107333566,-102.07188235673192,0.0,0.0,0.0,1.0,0.0
453.9539085373168,-102.07192906592654,0.0,0.0,0.0,1.0,0.0
452.15250414021654,-102.07202220642411,0.0,0.0,0.0,1.0,0.0
450.35109974802975,-102.07211497687709,0.0,0.0,0.0,1.0,0.0
448.549695353242,-102.07220737669759,0.0,0.0,0.0,1.0,0.0
446.7482909590749,-102.07229940644359,0.0,0.0,0.0,1.0,0.0
444.94688656356055,-102.07239106601212,0.0,0.0,0.0,1.0,0.0
443.1454821707513,-102.07248235483642,0.0,0.0,0.0,1.0,0.0
442.2447799728492,-102.07252786016107,0.0,0.0,0.0,1.0,0.0
440.4433198041236,-100.96301337471074,0.0,0.0,0.0,1.0,0.0
438.6419156375788,-100.96310373774405,0.0,0.0,0.0,1.0,0.0
437.74121355272166,-100.96314878075266,0.0,0.0,0.0,1.0,0.0
435.0391073057535,-100.96328335316639,0.0,0.0,0.0,1.0,0.0
434.13840522091925,-100.96332802567987,0.0,0.0,0.0,1.0,0.0
432.33700105391904,-100.96341709224406,0.0,0.0,0.0,1.0,0.0
430.5355423680951,-99.85390056692697,0.0,0.0,0.0,1.0,0.0
428.73413842907905,-99.85398889352504,0.0,0.0,0.0,1.0,0.0
426.9327344921121,-99.85407684934457,0.0,0.0,0.0,1.0,0.0
426.03203252111814,-99.8541206883085,0.0,0.0,0.0,1.0,0.0
424.230628582338,-99.85420808858063,0.0,0.0,0.0,1.0,0.0
422.4292246428666,-99.85429511870962,0.0,0.0,0.0,1.0,0.0
420.627820703418,-99.8543817783434,0.0,0.0,0.0,1.0,0.0
418.8264167663175,-99.85446806740899,0.0,0.0,0.0,1.0,0.0
417.9257147956467,-99.8545110736978,0.0,0.0,0.0,1.0,0.0
416.1243108563758,-99.854596807392,0.0,0.0,0.0,1.0,0.0
414.3228544505631,-98.74507694752093,0.0,0.0,0.0,1.0,0.0
412.5214507393929,-98.74516194047634,0.0,0.0,0.0,1.0,0.0
410.7200470298564,-98.74524656321556,0.0,0.0,0.0,1.0,0.0
408.91864331831664,-98.74533081574296,0.0,0.0,0.0,1.0,0.0
407.11723960679984,-98.74541469777517,0.0,0.0,0.0,1.0,0.0
405.315835892981,-98.74549820938527,0.0,0.0,0.0,1.0,0.0
404.4151340386302,-98.74553982660709,0.0,0.0,0.0,1.0,0.0
402.61373032925894,-98.74562278280267,0.0,0.0,0.0,1.0,0.0
400.8123266178843,-98.74570536878646,0.0,0.0,0.0,1.0,0.0
399.0109229055197,-98.74578758441675,0.0,0.0,0.0,1.0,0.0
397.2095191915672,-98.74586942927289,0.0,0.0,0.0,1.0,0.0
395.40811547948897,-98.74595090450948,0.0,0.0,0.0,1.0,0.0
393.6066619274859,-97.63642678359328,0.0,0.0,0.0,1.0,0.0
392.705960186583,-97.63646719733272,0.0,0.0,0.0,1.0,0.0
390.90455670052876,-97.63654774618165,0.0,0.0,0.0,1.0,0.0
389.10315321676416,-97.63662792484871,0.0,0.0,0.0,1.0,0.0
387.30174973266537,-97.63670773319662,0.0,0.0,0.0,1.0,0.0
386.4010479940383,-97.63674749854049,0.0,0.0,0.0,1.0,0.0
384.59964450943824,-97.63682675140963,0.0,0.0,0.0,1.0,0.0
382.7982410234909,-97.63690563410127,0.0,0.0,0.0,1.0,0.0
380.99683753923557,-97.63698414619037,0.0,0.0,0.0,1.0,0.0
379.1953860368411,-96.52745706028423,0.0,0.0,0.0,1.0,0.0
378.29468441265203,-96.52749599249924,0.0,0.0,0.0,1.0,0.0
376.4932811566874,-96.52757357851397,0.0,0.0,0.0,1.0,0.0
374.69187789764817,-96.5276507948449,0.0,0.0,0.0,1.0,0.0
372.8904746416711,-96.52772764025565,0.0,0.0,0.0,1.0,0.0
371.0891183767142,-97.63740934324346,0.0,0.0,0.0,1.0,0.0
370.18841663795354,-97.63744744183337,0.0,0.0,0.0,1.0,0.0
368.38701315296964,-97.6375233619673,0.0,0.0,0.0,1.0,0.0
367.4862648752552,-96.5279559553411,0.0,0.0,0.0,1.0,0.0
365.68486161859744,-96.52803131950947,0.0,0.0,0.0,1.0,0.0
364.78415998939795,-96.52806886273365,0.0,0.0,0.0,1.0,0.0
363.8834583622613,-96.52810631339301,0.0,0.0,0.0,1.0,0.0
363.8835044412799,-97.6377115410557,0.0,0.0,0.0,1.0,0.0
363.8834583622613,-96.52810631339301,0.0,0.0,0.0,1.0,0.0
363.8835044412799,-97.6377115410557,0.0,0.0,0.0,1.0,0.0
364.7842523749289,-98.74727931592797,0.0,0.0,0.0,1.0,0.0
364.7842985678368,-99.85688453975536,0.0,0.0,0.0,1.0,0.0
364.784344760541,-100.96648976177677,0.0,0.0,0.0,1.0,0.0
364.784390953639,-102.07609498128389,0.0,0.0,0.0,1.0,0.0
363.88373483487504,-103.18573765132372,0.0,0.0,0.0,1.0,0.0
363.88378091345055,-104.29534286804895,0.0,0.0,0.0,1.0,0.0
363.8838730708793,-106.51455329457055,0.0,0.0,0.0,1.0,0.0
362.9832163792684,-107.62419586481671,0.0,0.0,0.0,1.0,0.0
362.9833083083741,-109.8434062801193,0.0,0.0,0.0,1.0,0.0
362.98335427333916,-110.95301148596879,0.0,0.0,0.0,1.0,0.0
362.98340023768503,-112.06261668982201,0.0,0.0,0.0,1.0,0.0
362.08278871694574,-114.28186435669812,0.0,0.0,0.0,1.0,0.0
362.0828345671555,-115.39146955386583,0.0,0.0,0.0,1.0,0.0
362.0828804175843,-116.50107475118357,0.0,0.0,0.0,1.0,0.0
362.0829721187778,-118.72028513662214,0.0,0.0,0.0,1.0,0.0
362.083017969127,-119.82989032643434,0.0,0.0,0.0,1.0,0.0
361.18235968079364,-120.93953268903842,0.0,0.0,0.0,1.0,0.0
361.1824511537959,-123.15874306082938,0.0,0.0,0.0,1.0,0.0
361.1824968898127,-124.26834824391577,0.0,0.0,0.0,1.0,0.0
361.1825426263399,-125.37795342409152,0.0,0.0,0.0,1.0,0.0
361.18263409872463,-127.59716378091677,0.0,0.0,0.0,1.0,0.0
361.18267983506314,-128.70676895725427,0.0,0.0,0.0,1.0,0.0
361.18277130747856,-130.92597930181705,0.0,0.0,0.0,1.0,0.0
360.2821117673465,-132.03562155276362,0.0,0.0,0.0,1.0,0.0
360.2821573892869,-133.14522672061963,0.0,0.0,0.0,1.0,0.0
360.28224863386816,-135.3644370509825,0.0,0.0,0.0,1.0,0.0
360.28229425603536,-136.4740422148143,0.0,0.0,0.0,1.0,0.0
360.2823855003485,-138.6932525342097,0.0,0.0,0.0,1.0,0.0
360.2824311223195,-139.80285769017962,0.0,0.0,0.0,1.0,0.0
360.28252236654674,-142.02206799921424,0.0,0.0,0.0,1.0,0.0
359.3818615692518,-143.13171013862495,0.0,0.0,0.0,1.0,0.0
359.381952585156,-145.3509204356879,0.0,0.0,0.0,1.0,0.0
359.38199809310123,-146.46052558247342,0.0,0.0,0.0,1.0,0.0
359.3820891090944,-148.6797358683929,0.0,0.0,0.0,1.0,0.0
359.3821801251688,-150.89894614734317,0.0,0.0,0.0,1.0,0.0
359.3822256332828,-152.0085512826692,0.0,0.0,0.0,1.0,0.0
358.48160908835337,-154.22779844573247,0.0,0.0,0.0,1.0,0.0
358.4816544821056,-155.33740357768397,0.0,0.0,0.0,1.0,0.0
358.48174527006256,-157.55661383274648,0.0,0.0,0.0,1.0,0.0
358.48179066356045,-158.66621895872777,0.0,0.0,0.0,1.0,0.0
358.48188145131496,-160.8854292049548,0.0,0.0,0.0,1.0,0.0
357.58121848861947,-161.99507112666254,0.0,0.0,0.0,1.0,0.0
357.5813090481676,-164.2142813597689,0.0,0.0,0.0,1.0,0.0
357.58135432805506,-165.3238864756271,0.0,0.0,0.0,1.0,0.0
357.5814448872184,-167.54309669816232,0.0,0.0,0.0,1.0,0.0
357.58153544652123,-169.762306913342,0.0,0.0,0.0,1.0,0.0
357.58158072640265,-170.87191201852343,0.0,0.0,0.0,1.0,0.0
357.5816260057231,-171.98151712132218,0.0,0.0,0.0,1.0,0.0
356.6810069515592,-174.20076403214202,0.0,0.0,0.0,1.0,0.0
356.68105211716636,-175.31036913021128,0.0,0.0,0.0,1.0,0.0
356.68109728256974,-176.4199742257219,0.0,0.0,0.0,1.0,0.0
356.68114244842525,-177.52957931908458,0.0,0.0,0.0,1.0,0.0
357.5818976833346,-178.6391477011252,0.0,0.0,0.0,1.0,0.0
358.48265314452095,-179.7487159886747,0.0,0.0,0.0,1.0,0.0
360.28407351192334,-179.74864210487382,0.0,0.0,0.0,1.0,0.0
361.1847836928772,-179.7486050245019,0.0,0.0,0.0,1.0,0.0
362.9862040554272,-179.7485305855787,0.0,0.0,0.0,1.0,0.0
364.7876244206822,-179.74845577591125,0.0,0.0,0.0,1.0,0.0
366.5890447849471,-179.74838059589035,0.0,0.0,0.0,1.0,0.0
367.48980150293767,-180.85794795565258,0.0,0.0,0.0,1.0,0.0
369.2912220954703,-180.85787222005246,0.0,0.0,0.0,1.0,0.0
371.0926426862985,-180.85779611445088,0.0,0.0,0.0,1.0,0.0
372.8940632788188,-180.8577196382467,0.0,0.0,0.0,1.0,0.0
374.6954838712454,-180.85764279232006,0.0,0.0,0.0,1.0,0.0
375.5961941683155,-180.85760423000306,0.0,0.0,0.0,1.0,0.0
377.3976147616693,-180.85752682789365,0.0,0.0,0.0,1.0,0.0
379.1990353516497,-180.8574490558901,0.0,0.0,0.0,1.0,0.0
381.00050418932483,-181.96697599791236,0.0,0.0,0.0,1.0,0.0
382.80192501008804,-181.966897484921,0.0,0.0,0.0,1.0,0.0
384.6033458321861,-181.96681860150306,0.0,0.0,0.0,1.0,0.0
385.50405624155917,-181.96677902079466,0.0,0.0,0.0,1.0,0.0
387.3054770598179,-181.9666995821127,0.0,0.0,0.0,1.0,0.0
389.1068978804245,-181.96661977286254,0.0,0.0,0.0,1.0,0.0
390.00760829176687,-181.9665797298668,0.0,0.0,0.0,1.0,0.0
391.80902911187223,-181.9664993651379,0.0,0.0,0.0,1.0,0.0
393.6104997739426,-183.0760237146531,0.0,0.0,0.0,1.0,0.0
395.41192081946645,-183.0759426094345,0.0,0.0,0.0,1.0,0.0
397.21334186835145,-183.07586113350595,0.0,0.0,0.0,1.0,0.0
399.01476291851293,-183.07577928753722,0.0,0.0,0.0,1.0,0.0
399.9154734415606,-183.07573822572937,0.0,0.0,0.0,1.0,0.0
401.7168944899089,-183.07565582421324,0.0,0.0,0.0,1.0,0.0
403.5183155356563,-183.07557305206467,0.0,0.0,0.0,1.0,0.0
405.3197365836351,-183.07548991012055,0.0,0.0,0.0,1.0,0.0
407.1212091862494,-184.18501148007303,0.0,0.0,0.0,1.0,0.0
408.0219198234362,-184.18496958492597,0.0,0.0,0.0,1.0,0.0
409.8233410994069,-184.18488551669714,0.0,0.0,0.0,1.0,0.0
411.62476237337427,-184.1848010782565,0.0,0.0,0.0,1.0,0.0
412.5254730125887,-184.18475872043578,0.0,0.0,0.0,1.0,0.0
414.326894288081,-184.18467372623303,0.0,0.0,0.0,1.0,0.0
416.12831556419394,-184.18458836195575,0.0,0.0,0.0,1.0,0.0
417.92973683997263,-184.18450262735928,0.0,0.0,0.0,1.0,0.0
418.83050051408065,-185.29406470161553,0.0,0.0,0.0,1.0,0.0
420.63192201580216,-185.29397841151294,0.0,0.0,0.0,1.0,0.0
421.5326327662698,-185.29393512772396,0.0,0.0,0.0,1.0,0.0
422.43334351951455,-185.29389175101812,0.0,0.0,0.0,1.0,0.0
423.33405427214007,-185.2938482819965,0.0,0.0,0.0,1.0,0.0
424.2347650235487,-185.29380472023843,0.0,0.0,0.0,1.0,0.0
425.1354757767213,-185.2937610657052,0.0,0.0,0.0,1.0,0.0
426.0361865269497,-185.29371731892928,0.0,0.0,0.0,1.0,0.0
426.93689728025413,-185.29367347944685,0.0,0.0,0.0,1.0,0.0
427.83760802834763,-185.29362954740833,0.0,0.0,0.0,1.0,0.0
428.7383187814849,-185.29358552276628,0.0,0.0,0.0,1.0,0.0
430.53974028506354,-185.29349719551752,0.0,0.0,0.0,1.0,0.0
431.4405056698417,-186.40305797092853,0.0,0.0,0.0,1.0,0.0
433.24192740133105,-186.40296908827656,0.0,0.0,0.0,1.0,0.0
435.04334913314216,-186.40287983533977,0.0,0.0,0.0,1.0,0.0
436.844770861937,-186.40279021233283,0.0,0.0,0.0,1.0,0.0
437.7454817269835,-186.40274526175682,0.0,0.0,0.0,1.0,0.0
439.5469034599853,-186.40265508273876,0.0,0.0,0.0,1.0,0.0
441.34832519193867,-186.4025645337535,0.0,0.0,0.0,1.0,0.0
443.1497469226031,-186.40247361420444,0.0,0.0,0.0,1.0,0.0
444.9512249947003,-187.51198740149755,0.0,0.0,0.0,1.0,0.0
446.75264695447845,-187.51189574106803,0.0,0.0,0.0,1.0,0.0
447.6533579348089,-187.5118497720619,0.0,0.0,0.0,1.0,0.0
449.4547798943846,-187.51175755636393,0.0,0.0,0.0,1.0,0.0
451.25620185362624,-187.51166497034683,0.0,0.0,0.0,1.0,0.0
452.15691282942464,-187.51161853832377,0.0,0.0,0.0,1.0,0.0
453.95833479078874,-187.5115253969652,0.0,0.0,0.0,1.0,0.0
455.7597567499091,-187.51143188479813,0.0,0.0,0.0,1.0,0.0
457.561236648719,-188.6209430777455,0.0,0.0,0.0,1.0,0.0
458.46194774109034,-188.62089599785614,0.0,0.0,0.0,1.0,0.0
460.2633699251633,-188.62080155982943,0.0,0.0,0.0,1.0,0.0
462.06479211444866,-188.62070675196844,0.0,0.0,0.0,1.0,0.0
462.9655032065808,-188.62065920909214,0.0,0.0,0.0,1.0,0.0
464.76692539375404,-188.62056384547344,0.0,0.0,0.0,1.0,0.0
466.5683475805932,-188.62046811153556,0.0,0.0,0.0,1.0,0.0
468.3697697651885,-188.62037200678924,0.0,0.0,0.0,1.0,0.0
470.171191953983,-188.62027553235032,0.0,0.0,0.0,1.0,0.0
471.9726739050836,-189.7297837585534,0.0,0.0,0.0,1.0,0.0
473.77409631971216,-189.7296865430624,0.0,0.0,0.0,1.0,0.0
475.57551873430526,-189.72958895746257,0.0,0.0,0.0,1.0,0.0
477.3769411469535,-189.7294910012646,0.0,0.0,0.0,1.0,0.0
479.1783635612354,-189.7293926748504,0.0,0.0,0.0,1.0,0.0
480.97978597583915,-189.7292939781514,0.0,0.0,0.0,1.0,0.0
481.8804971840889,-189.72924449093966,0.0,0.0,0.0,1.0,0.0
483.68198084545463,-190.8387503096423,0.0,0.0,0.0,1.0,0.0
485.48340348566694,-190.838650687118,0.0,0.0,0.0,1.0,0.0
487.28482612787,-190.8385506942014,0.0,0.0,0.0,1.0,0.0
488.18553745012713,-190.83850055859975,0.0,0.0,0.0,1.0,0.0
489.98696009278376,-190.83840001044908,0.0,0.0,0.0,1.0,0.0
491.78838273450856,-190.8382990915586,0.0,0.0,0.0,1.0,0.0
493.5898053745872,-190.83819780228026,0.0,0.0,0.0,1.0,0.0
494.4905166967369,-190.8381470187424,0.0,0.0,0.0,1.0,0.0
496.2920021826727,-191.94765024265004,0.0,0.0,0.0,1.0,0.0
498.0934250529517,-191.94754802778664,0.0,0.0,0.0,1.0,0.0
499.8948479226559,-191.94744544200745,0.0,0.0,0.0,1.0,0.0
501.69627079059745,-191.94734248661308,0.0,0.0,0.0,1.0,0.0
503.4976936605881,-191.94723916044023,0.0,0.0,0.0,1.0,0.0
504.3984050963528,-191.94718735857955,0.0,0.0,0.0,1.0,0.0
506.1998279664981,-191.94708347696223,0.0,0.0,0.0,1.0,0.0
508.0012508360104,-191.9469792248154,0.0,0.0,0.0,1.0,0.0
509.80273825837946,-193.05647966973706,0.0,0.0,0.0,1.0,0.0
511.6041613559342,-193.05637467723778,0.0,0.0,0.0,1.0,0.0
512.5048729061951,-193.05632204186193,0.0,0.0,0.0,1.0,0.0
514.3062960032486,-193.05621649388394,0.0,0.0,0.0,1.0,0.0
516.1077191009808,-193.05611057544502,0.0,0.0,0.0,1.0,0.0
517.9091421961123,-193.0560042863737,0.0,0.0,0.0,1.0,0.0
519.7105652941893,-193.0558976271548,0.0,0.0,0.0,1.0,0.0
521.5119883909192,-193.05579059775843,0.0,0.0,0.0,1.0,0.0
522.4127660927256,-194.16534200833604,0.0,0.0,0.0,1.0,0.0
524.2141894180803,-194.16523442318447,0.0,0.0,0.0,1.0,0.0
526.0156127407759,-194.16512646778676,0.0,0.0,0.0,1.0,0.0
527.8170360664169,-194.16501814224148,0.0,0.0,0.0,1.0,0.0
528.7177477298865,-194.1649638403963,0.0,0.0,0.0,1.0,0.0
530.5191710550846,-194.16485495898593,0.0,0.0,0.0,1.0,0.0
532.3205943802475,-194.16474570746675,0.0,0.0,0.0,1.0,0.0
534.1220177031081,-194.16463608552544,0.0,0.0,0.0,1.0,0.0
535.9235088904163,-195.27413115649563,0.0,0.0,0.0,1.0,0.0
536.824220667668,-195.27407602148728,0.0,0.0,0.0,1.0,0.0
538.6256442207872,-195.27396547357455,0.0,0.0,0.0,1.0,0.0
540.4270677715461,-195.27385455562597,0.0,0.0,0.0,1.0,0.0
542.2284913239971,-195.2737432670749,0.0,0.0,0.0,1.0,0.0
544.0299148771269,-195.273631608063,0.0,0.0,0.0,1.0,0.0
544.9306266544611,-195.2735756397828,0.0,0.0,0.0,1.0,0.0
546.7321194380211,-196.38306848560495,0.0,0.0,0.0,1.0,0.0
548.5335432164022,-196.3829559009437,0.0,0.0,0.0,1.0,0.0
550.3349669974887,-196.38284294553824,0.0,0.0,0.0,1.0,0.0
552.1363907775265,-196.3827296201656,0.0,0.0,0.0,1.0,0.0
553.0371026692987,-196.38267281875656,0.0,0.0,0.0,1.0,0.0
554.8385264498485,-196.3825589377635,0.0,0.0,0.0,1.0,0.0
556.6399502280962,-196.3824446863483,0.0,0.0,0.0,1.0,0.0
557.5406621193304,-196.38238742174195,0.0,0.0,0.0,1.0,0.0
559.3420858997006,-196.3822726149853,0.0,0.0,0.0,1.0,0.0
561.1435096797367,-196.38215743790946,0.0,0.0,0.0,1.0,0.0
562.9450047439639,-197.491646949212,0.0,0.0,0.0,1.0,0.0
564.7464287497755,-197.49153103147043,0.0,0.0,0.0,1.0,0.0
566.547852758591,-197.49141474319495,0.0,0.0,0.0,1.0,0.0
567.4485647634403,-197.49135646026585,0.0,0.0,0.0,1.0,0.0
568.3493487342465,-198.60090314255424,0.0,0.0,0.0,1.0,0.0
569.250132935382,-199.71044972940837,0.0,0.0,0.0,1.0,0.0
569.250205017575,-200.82005478186,0.0,0.0,0.0,1.0,0.0
569.2503491815903,-203.03926488344732,0.0,0.0,0.0,1.0,0.0
569.2504212631135,-204.14886993086733,0.0,0.0,0.0,1.0,0.0
569.2504933452055,-205.25847497611943,0.0,0.0,0.0,1.0,0.0
569.2506375091425,-207.47768506241903,0.0,0.0,0.0,1.0,0.0
569.2507095911042,-208.58729010344652,0.0,0.0,0.0,1.0,0.0
569.2508537544742,-210.806500178192,0.0,0.0,0.0,1.0,0.0
569.2509258365969,-211.91610521118162,0.0,0.0,0.0,1.0,0.0
569.2510700000558,-214.13531527591263,0.0,0.0,0.0,1.0,0.0
569.2511420820481,-215.24492030543033,0.0,0.0,0.0,1.0,0.0
569.2512862452973,-217.46413035767858,0.0,0.0,0.0,1.0,0.0
568.3506441550383,-218.57379384962212,0.0,0.0,0.0,1.0,0.0
568.3507161225741,-219.68339887142108,0.0,0.0,0.0,1.0,0.0
568.3508600579307,-221.902608907974,0.0,0.0,0.0,1.0,0.0
568.3509320254528,-223.0122139247757,0.0,0.0,0.0,1.0,0.0
568.3510759604832,-225.23142395150018,0.0,0.0,0.0,1.0,0.0
568.351147928108,-226.341028961403,0.0,0.0,0.0,1.0,0.0
567.4505766666019,-228.56029735319143,0.0,0.0,0.0,1.0,0.0
567.4506485202146,-229.66990235740172,0.0,0.0,0.0,1.0,0.0
567.4507203738059,-230.7795073604127,0.0,0.0,0.0,1.0,0.0
567.4508640803185,-232.99871736177946,0.0,0.0,0.0,1.0,0.0
567.4509359337719,-234.10832235767126,0.0,0.0,0.0,1.0,0.0
567.45107964049,-236.32753234674556,0.0,0.0,0.0,1.0,0.0
567.4511514939296,-237.43713733952177,0.0,0.0,0.0,1.0,0.0
566.5505788616149,-239.65640560006779,0.0,0.0,0.0,1.0,0.0
566.5506506009258,-240.76601058717145,0.0,0.0,0.0,1.0,0.0
566.5507223400912,-241.87561557133023,0.0,0.0,0.0,1.0,0.0
566.55086581835,-244.09482553466046,0.0,0.0,0.0,1.0,0.0
566.5509375578587,-245.2044305132696,0.0,0.0,0.0,1.0,0.0
566.5510810359076,-247.42364046486978,0.0,0.0,0.0,1.0,0.0
566.5511527750455,-248.5332454386577,0.0,0.0,0.0,1.0,0.0
566.551296253125,-250.75245537912437,0.0,0.0,0.0,1.0,0.0
566.5513679919502,-251.8620603469521,0.0,0.0,0.0,1.0,0.0
566.5515114701768,-254.08127027588898,0.0,0.0,0.0,1.0,0.0
567.4523729977481,-256.3004219152194,0.0,0.0,0.0,1.0,0.0
567.4524448506237,-257.4100268734319,0.0,0.0,0.0,1.0,0.0
567.4525885567184,-259.6292367843073,0.0,0.0,0.0,1.0,0.0
567.4526604098207,-260.7388417384956,0.0,0.0,0.0,1.0,0.0
567.4527322624788,-261.8484466880233,0.0,0.0,0.0,1.0,0.0
567.4528759686118,-264.06765658396733,0.0,0.0,0.0,1.0,0.0
567.452947821555,-265.1772615298371,0.0,0.0,0.0,1.0,0.0
567.4530915270043,-267.39647141424706,0.0,0.0,0.0,1.0,0.0
567.4531633801668,-268.50607635357426,0.0,0.0,0.0,1.0,0.0
567.4533070858292,-270.7252862289627,0.0,0.0,0.0,1.0,0.0
567.4533789385624,-271.83489116234966,0.0,0.0,0.0,1.0,0.0
567.4535226437745,-274.0541010250351,0.0,0.0,0.0,1.0,0.0
567.4535944966103,-275.1637059530285,0.0,0.0,0.0,1.0,0.0
567.453666349483,-276.2733108794363,0.0,0.0,0.0,1.0,0.0
567.453810054974,-278.4925207270343,0.0,0.0,0.0,1.0,0.0
567.453881907534,-279.6021256482345,0.0,0.0,0.0,1.0,0.0
567.4540256127568,-281.8213354844887,0.0,0.0,0.0,1.0,0.0
566.5533766784423,-282.93099868397326,0.0,0.0,0.0,1.0,0.0
566.5535201555828,-285.15020850960514,0.0,0.0,0.0,1.0,0.0
566.5536636328627,-287.36941832675245,0.0,0.0,0.0,1.0,0.0
565.6530140151285,-288.47908142292476,0.0,0.0,0.0,1.0,0.0
565.6531572640855,-290.6982912303584,0.0,0.0,0.0,1.0,0.0
565.6532288884988,-291.8078961310221,0.0,0.0,0.0,1.0,0.0
565.6533721371293,-294.0271059263693,0.0,0.0,0.0,1.0,0.0
564.7527217197548,-295.1367689206587,0.0,0.0,0.0,1.0,0.0
564.7528647400624,-297.35597870478693,0.0,0.0,0.0,1.0,0.0
564.7529362506247,-298.4655835924729,0.0,0.0,0.0,1.0,0.0
563.8523566634182,-300.68485137240634,0.0,0.0,0.0,1.0,0.0
563.8524280593124,-301.79445625587084,0.0,0.0,0.0,1.0,0.0
563.8525708515099,-304.01366601787686,0.0,0.0,0.0,1.0,0.0
563.8526422476892,-305.12327089693076,0.0,0.0,0.0,1.0,0.0
562.9519904611582,-306.23293368568164,0.0,0.0,0.0,1.0,0.0
562.9521330252811,-308.45214343251473,0.0,0.0,0.0,1.0,0.0
562.9522043076016,-309.5617483038942,0.0,0.0,0.0,1.0,0.0
562.9523468710992,-311.7809580391832,0.0,0.0,0.0,1.0,0.0
562.9524181530487,-312.89056290498877,0.0,0.0,0.0,1.0,0.0
562.9525607166352,-315.10977262988695,0.0,0.0,0.0,1.0,0.0
562.9526319986293,-316.21937748842726,0.0,0.0,0.0,1.0,0.0
562.9527745623047,-318.43858720180566,0.0,0.0,0.0,1.0,0.0
562.9528458438696,-319.5481920562874,0.0,0.0,0.0,1.0,0.0
562.9529884075757,-321.76740175815604,0.0,0.0,0.0,1.0,0.0
562.9531309710643,-323.9866114535978,0.0,0.0,0.0,1.0,0.0
562.953202252922,-325.09621629874204,0.0,0.0,0.0,1.0,0.0
562.9533448159017,-327.3154259811144,0.0,0.0,0.0,1.0,0.0
562.9534160979204,-328.4250308201024,0.0,0.0,0.0,1.0,0.0
562.9535586608143,-330.64424049249027,0.0,0.0,0.0,1.0,0.0
562.953629942462,-331.7538453262807,0.0,0.0,0.0,1.0,0.0
562.9537725057438,-333.9730549877355,0.0,0.0,0.0,1.0,0.0
562.953843787436,-335.0826598161424,0.0,0.0,0.0,1.0,0.0
562.9539863504496,-337.30186946512435,0.0,0.0,0.0,1.0,0.0
562.9540576318874,-338.4114742871847,0.0,0.0,0.0,1.0,0.0
562.9542001949317,-340.6306839261622,0.0,0.0,0.0,1.0,0.0
562.9542714759986,-341.7402887434013,0.0,0.0,0.0,1.0,0.0
562.9543427578164,-342.84989355832647,0.0,0.0,0.0,1.0,0.0
562.9544140391317,-343.959498370859,0.0,0.0,0.0,1.0,0.0
562.9545566020473,-346.1787079903845,0.0,0.0,0.0,1.0,0.0
562.9546278833487,-347.28831279904887,0.0,0.0,0.0,1.0,0.0
562.0539716476967,-348.3979754245544,0.0,0.0,0.0,1.0,0.0
561.153244133848,-348.39803315315936,0.0,0.0,0.0,1.0,0.0
559.351789103812,-348.39814833222874,0.0,0.0,0.0,1.0,0.0
558.4510615869685,-348.39820578265875,0.0,0.0,0.0,1.0,0.0
556.649606556373,-348.39832040663566,0.0,0.0,0.0,1.0,0.0
554.8481515278265,-348.39843465983404,0.0,0.0,0.0,1.0,0.0
553.0466964972768,-348.39854854282066,0.0,0.0,0.0,1.0,0.0
552.145968980326,-348.3986053453144,0.0,0.0,0.0,1.0,0.0
550.3445139496321,-348.3987186726463,0.0,0.0,0.0,1.0,0.0
548.5430589185457,-348.39883163004527,0.0,0.0,0.0,1.0,0.0
546.7416038898656,-348.3989442164897,0.0,0.0,0.0,1.0,0.0
544.9400798585086,-347.2894516285156,0.0,0.0,0.0,1.0,0.0
544.0393524559959,-347.2895075978805,0.0,0.0,0.0,1.0,0.0
542.2378976525672,-347.28961925867566,0.0,0.0,0.0,1.0,0.0
540.4364428498174,-347.28973054900996,0.0,0.0,0.0,1.0,0.0
538.6349880487013,-347.28984146912796,0.0,0.0,0.0,1.0,0.0
536.833533245582,-347.2899520190343,0.0,0.0,0.0,1.0,0.0
535.932805842853,-347.290007154917,0.0,0.0,0.0,1.0,0.0
534.1313510395895,-347.29011714916857,0.0,0.0,0.0,1.0,0.0
532.3298962383169,-347.2902267730278,0.0,0.0,0.0,1.0,0.0
530.5284414347421,-347.290336026465,0.0,0.0,0.0,1.0,0.0
528.726986631132,-347.29044490979334,0.0,0.0,0.0,1.0,0.0
526.925531827545,-347.2905534226265,0.0,0.0,0.0,1.0,0.0
525.1240105323474,-346.1810567559639,0.0,0.0,0.0,1.0,0.0
523.3225559591276,-346.18116452837154,0.0,0.0,0.0,1.0,0.0
521.5211013810404,-346.18127192983343,0.0,0.0,0.0,1.0,0.0
519.7196468058403,-346.18137896153416,0.0,0.0,0.0,1.0,0.0
517.9181922290525,-346.1814856224606,0.0,0.0,0.0,1.0,0.0
516.1167376558662,-346.1815919132739,0.0,0.0,0.0,1.0,0.0
514.3152830797219,-346.1816978336308,0.0,0.0,0.0,1.0,0.0
512.5138285042566,-346.18180338352676,0.0,0.0,0.0,1.0,0.0
510.7124385942892,-347.2915133725514,0.0,0.0,0.0,1.0,0.0
509.81171119134206,-347.2915658232489,0.0,0.0,0.0,1.0,0.0
508.01025638895425,-347.2916704471984,0.0,0.0,0.0,1.0,0.0
506.2088015851609,-347.29177470135664,0.0,0.0,0.0,1.0,0.0
504.407346780137,-347.29187858456487,0.0,0.0,0.0,1.0,0.0
502.6058919760324,-347.29198209790883,0.0,0.0,0.0,1.0,0.0
500.80437375698705,-346.18248043134565,0.0,0.0,0.0,1.0,0.0
499.00291918265225,-346.1825832038435,0.0,0.0,0.0,1.0,0.0
497.20146460667127,-346.1826856059535,0.0,0.0,0.0,1.0,0.0
495.40001002940136,-346.1827876374997,0.0,0.0,0.0,1.0,0.0
493.59855545275207,-346.1828892989714,0.0,0.0,0.0,1.0,0.0
491.7971008784507,-346.18299058987486,0.0,0.0,0.0,1.0,0.0
489.99558425846317,-345.0734867019182,0.0,0.0,0.0,1.0,0.0
488.1941299096386,-345.07358725194564,0.0,0.0,0.0,1.0,0.0
487.293402733791,-345.0736373885565,0.0,0.0,0.0,1.0,0.0
485.4918869121731,-343.96413257087727,0.0,0.0,0.0,1.0,0.0
483.6904327935489,-343.9642321953196,0.0,0.0,0.0,1.0,0.0
482.7897057318757,-343.9642818687001,0.0,0.0,0.0,1.0,0.0
480.98819070845263,-342.85477612433885,0.0,0.0,0.0,1.0,0.0
480.08746376303066,-342.8548255201379,0.0,0.0,0.0,1.0,0.0
478.28594930918507,-341.74531921777873,0.0,0.0,0.0,1.0,0.0
476.48449564246937,-341.74541736071353,0.0,0.0,0.0,1.0,0.0
474.6829818749553,-340.635910315487,0.0,0.0,0.0,1.0,0.0
473.7822551579544,-340.6359590626527,0.0,0.0,0.0,1.0,0.0
471.98074195864774,-339.5264514612512,0.0,0.0,0.0,1.0,0.0
470.1792887496124,-339.5265483079367,0.0,0.0,0.0,1.0,0.0
468.377776232461,-338.41703996248896,0.0,0.0,0.0,1.0,0.0
467.4769905533557,-337.30748323887485,0.0,0.0,0.0,1.0,0.0
465.6755378006659,-337.30757915973754,0.0,0.0,0.0,1.0,0.0
464.7748114226158,-337.30762698136255,0.0,0.0,0.0,1.0,0.0
462.9733000477828,-336.19811752199206,0.0,0.0,0.0,1.0,0.0
461.17178912959275,-335.0886076912243,0.0,0.0,0.0,1.0,0.0
459.3703368349404,-335.0887023156615,0.0,0.0,0.0,1.0,0.0
457.5688266008151,-333.97919174058416,0.0,0.0,0.0,1.0,0.0
456.6681005650173,-333.97923872873514,0.0,0.0,0.0,1.0,0.0
454.8666484962724,-333.97933242755744,0.0,0.0,0.0,1.0,0.0
453.0651390597442,-332.86982092575374,0.0,0.0,0.0,1.0,0.0
452.1643558848816,-331.76026261794186,0.0,0.0,0.0,1.0,0.0
450.3629042745083,-331.760355390658,0.0,0.0,0.0,1.0,0.0
448.56139586449956,-330.6508429585403,0.0,0.0,0.0,1.0,0.0
446.75994447990195,-330.65093499059066,0.0,0.0,0.0,1.0,0.0
444.95843675395787,-329.5414218164213,0.0,0.0,0.0,1.0,0.0
443.15698559913005,-329.5415131076255,0.0,0.0,0.0,1.0,0.0
442.25620402120137,-328.4319537760383,0.0,0.0,0.0,1.0,0.0
440.454753092258,-328.4320445121227,0.0,0.0,0.0,1.0,0.0
439.55397197207265,-327.3224849011418,0.0,0.0,0.0,1.0,0.0
437.7524658408554,-326.2129702393545,0.0,0.0,0.0,1.0,0.0
435.9510153679587,-326.2130600494057,0.0,0.0,0.0,1.0,0.0
434.1495099250409,-325.1035446467357,0.0,0.0,0.0,1.0,0.0
432.3480596803031,-325.1036337156618,0.0,0.0,0.0,1.0,0.0
431.4472799288651,-323.9940732656033,0.0,0.0,0.0,1.0,0.0
429.6458299100701,-323.9941617790232,0.0,0.0,0.0,1.0,0.0
427.84437989350647,-323.9942499226476,0.0,0.0,0.0,1.0,0.0
426.04287593272414,-322.88473284724034,0.0,0.0,0.0,1.0,0.0
424.24142614431946,-322.8848202497396,0.0,0.0,0.0,1.0,0.0
423.340701250708,-322.8848638123031,0.0,0.0,0.0,1.0,0.0
421.53919808388576,-321.7753458101739,0.0,0.0,0.0,1.0,0.0
419.73774852311584,-321.7754322865645,0.0,0.0,0.0,1.0,0.0
417.9362989645773,-321.77551839315953,0.0,0.0,0.0,1.0,0.0
416.1347967122226,-320.66599927790946,0.0,0.0,0.0,1.0,0.0
414.33334737951805,-320.6660846434524,0.0,0.0,0.0,1.0,0.0
413.4326227116101,-320.6661271875227,0.0,0.0,0.0,1.0,0.0
411.6311733794173,-320.6662119974452,0.0,0.0,0.0,1.0,0.0
409.8297240482023,-320.66629643711724,0.0,0.0,0.0,1.0,0.0
408.0282230506133,-319.55677565413555,0.0,0.0,0.0,1.0,0.0
406.226773945531,-319.55685935296583,0.0,0.0,0.0,1.0,0.0
404.4253248407123,-319.55694268189757,0.0,0.0,0.0,1.0,0.0
402.62387573794274,-319.5570256400507,0.0,0.0,0.0,1.0,0.0
400.82242663311155,-319.5571082283784,0.0,0.0,0.0,1.0,0.0
399.02097752770567,-319.5571904457903,0.0,0.0,0.0,1.0,0.0
397.21952842029657,-319.5572722929904,0.0,0.0,0.0,1.0,0.0
396.3188038686733,-319.5573130778849,0.0,0.0,0.0,1.0,0.0
394.5173547660106,-319.55739436988074,0.0,0.0,0.0,1.0,0.0
392.71590566044813,-319.5574752910339,0.0,0.0,0.0,1.0,0.0
390.91445655318137,-319.5575558421855,0.0,0.0,0.0,1.0,0.0
389.1130074476065,-319.55763602273464,0.0,0.0,0.0,1.0,0.0
387.31155834199626,-319.5577158331749,0.0,0.0,0.0,1.0,0.0
385.51015805252206,-320.66740012604873,0.0,0.0,0.0,1.0,0.0
384.6094333869478,-320.66743970724366,0.0,0.0,0.0,1.0,0.0
382.80798405107714,-320.6675185919521,0.0,0.0,0.0,1.0,0.0
381.00653471755436,-320.66759710609233,0.0,0.0,0.0,1.0,0.0
379.2051333990024,-321.77728010118466,0.0,0.0,0.0,1.0,0.0
377.4036838393804,-321.7773578745723,0.0,0.0,0.0,1.0,0.0
375.602234277398,-321.77743527792416,0.0,0.0,0.0,1.0,0.0
373.8008320468563,-322.88711716030843,0.0,0.0,0.0,1.0,0.0
371.9993822565079,-322.8871938225943,0.0,0.0,0.0,1.0,0.0
370.1979324688062,-322.88727011452244,0.0,0.0,0.0,1.0,0.0
368.39652932466413,-323.9969508850487,0.0,0.0,0.0,1.0,0.0
366.5950793041869,-323.9970264366536,0.0,0.0,0.0,1.0,0.0
365.6943542962373,-323.99706407346935,0.0,0.0,0.0,1.0,0.0
363.8929503546863,-325.10674391582734,0.0,0.0,0.0,1.0,0.0
362.0915001099688,-325.10681854123663,0.0,0.0,0.0,1.0,0.0
360.2900498636053,-325.1068927962582,0.0,0.0,0.0,1.0,0.0
359.3893702456586,-326.2165346276157,0.0,0.0,0.0,1.0,0.0
357.58791977038186,-326.2166083270829,0.0,0.0,0.0,1.0,0.0
355.7864692957257,-326.21668165647566,0.0,0.0,0.0,1.0,0.0
353.98506364524974,-327.32635945813774,0.0,0.0,0.0,1.0,0.0
352.1836129418704,-327.32643204664055,0.0,0.0,0.0,1.0,0.0
351.2829320693338,-328.43607304280863,0.0,0.0,0.0,1.0,0.0
349.4814811380544,-328.4361450756154,0.0,0.0,0.0,1.0,0.0
348.580755670859,-328.4361809533177,0.0,0.0,0.0,1.0,0.0
346.7793486516874,-329.5458572696534,0.0,0.0,0.0,1.0,0.0
344.9778974924143,-329.54592837704183,0.0,0.0,0.0,1.0,0.0
343.176446333164,-329.54599911393495,0.0,0.0,0.0,1.0,0.0
342.27572075186293,-329.5460343433821,0.0,0.0,0.0,1.0,0.0
340.47431270367196,-330.65570936117365,0.0,0.0,0.0,1.0,0.0
338.67286131779815,-330.65577917233065,0.0,0.0,0.0,1.0,0.0
336.87140993063537,-330.6558486129238,0.0,0.0,0.0,1.0,0.0
335.06995854278125,-330.6559176833738,0.0,0.0,0.0,1.0,0.0
334.16927516082427,-331.7655569148597,0.0,0.0,0.0,1.0,0.0
332.36782354441414,-331.7656254295794,0.0,0.0,0.0,1.0,0.0
330.56637193100784,-331.76569357376525,0.0,0.0,0.0,1.0,0.0
329.6656878667759,-332.8753323413962,0.0,0.0,0.0,1.0,0.0
327.8642360201635,-332.87539992999774,0.0,0.0,0.0,1.0,0.0
326.0627841760814,-332.87546714901407,0.0,0.0,0.0,1.0,0.0
324.2613323320804,-332.875533997149,0.0,0.0,0.0,1.0,0.0
323.3606473554346,-333.9851721128824,0.0,0.0,0.0,1.0,0.0
321.55919528544314,-333.9852384058106,0.0,0.0,0.0,1.0,0.0
319.7577432102269,-333.98530432796906,0.0,0.0,0.0,1.0,0.0
317.95633139776163,-335.09497471024554,0.0,0.0,0.0,1.0,0.0
316.1548790974009,-335.095039891896,0.0,0.0,0.0,1.0,0.0
314.353426799031,-335.0951047031542,0.0,0.0,0.0,1.0,0.0
313.4527006498392,-335.09513696967656,0.0,0.0,0.0,1.0,0.0
311.65124834697394,-335.0952012256364,0.0,0.0,0.0,1.0,0.0
309.8497960464567,-335.0952651110281,0.0,0.0,0.0,1.0,0.0
308.04834374560517,-335.09532862610064,0.0,0.0,0.0,1.0,0.0
306.24689144704337,-335.0953917709912,0.0,0.0,0.0,1.0,0.0
305.346165297577,-335.0954232044178,0.0,0.0,0.0,1.0,0.0
303.544712994877,-335.09548579383403,0.0,0.0,0.0,1.0,0.0
301.74326069386893,-335.0955480126478,0.0,0.0,0.0,1.0,0.0
299.9418083928256,-335.09560986135267,0.0,0.0,0.0,1.0,0.0
298.14035609448723,-335.09567133931336,0.0,0.0,0.0,1.0,0.0
297.23962994510345,-335.09570193946803,0.0,0.0,0.0,1.0,0.0
295.4381402335867,-333.9861580321117,0.0,0.0,0.0,1.0,0.0
293.63668816049983,-333.9862185844231,0.0,0.0,0.0,1.0,0.0
291.83523608737767,-333.9862787666256,0.0,0.0,0.0,1.0,0.0
290.9344732136376,-332.87670388757806,0.0,0.0,0.0,1.0,0.0
289.1330213711665,-332.87676351374205,0.0,0.0,0.0,1.0,0.0
287.33156952401,-332.8768227699432,0.0,0.0,0.0,1.0,0.0
285.53008152467436,-331.76727682196696,0.0,0.0,0.0,1.0,0.0
283.72862990830066,-331.7673353371803,0.0,0.0,0.0,1.0,0.0
281.9271425949977,-330.6577886465028,0.0,0.0,0.0,1.0,0.0
281.026416899622,-330.65781758030363,0.0,0.0,0.0,1.0,0.0
279.2249301554812,-329.5482703329431,0.0,0.0,0.0,1.0,0.0
278.32416933462537,-328.43869414984096,0.0,0.0,0.0,1.0,0.0
276.5226833881537,-327.32914634314835,0.0,0.0,0.0,1.0,0.0
275.6219580348035,-327.3291747210923,0.0,0.0,0.0,1.0,0.0
274.7211631123906,-325.1099933206561,0.0,0.0,0.0,1.0,0.0
273.82040331818456,-324.00041666682534,0.0,0.0,0.0,1.0,0.0
272.91964374930063,-322.8908399178823,0.0,0.0,0.0,1.0,0.0
272.0188844109865,-321.78126307560717,0.0,0.0,0.0,1.0,0.0
271.1181252982934,-320.6716861388065,0.0,0.0,0.0,1.0,0.0
270.2173322006657,-318.4525042516519,0.0,0.0,0.0,1.0,0.0
270.21729798538024,-317.34289939440384,0.0,0.0,0.0,1.0,0.0
270.21722955497034,-315.12368967450425,0.0,0.0,0.0,1.0,0.0
270.2171953397294,-314.01408481074367,0.0,0.0,0.0,1.0,0.0
270.2171269087525,-311.79487507853736,0.0,0.0,0.0,1.0,0.0
270.21709269367256,-310.68527020974955,0.0,0.0,0.0,1.0,0.0
270.2170242629087,-308.46606046664004,0.0,0.0,0.0,1.0,0.0
270.21699004781493,-307.356455592855,0.0,0.0,0.0,1.0,0.0
271.1176446871127,-305.1372180167307,0.0,0.0,0.0,1.0,0.0
271.1176103575915,-304.0276131359338,0.0,0.0,0.0,1.0,0.0
271.11754169906726,-301.80840337026586,0.0,0.0,0.0,1.0,0.0
271.11750736917514,-300.6987984850241,0.0,0.0,0.0,1.0,0.0
271.1174730398517,-299.5891935979907,0.0,0.0,0.0,1.0,0.0
271.1174043808922,-297.36998381796366,0.0,0.0,0.0,1.0,0.0
271.117370051555,-296.26037892442776,0.0,0.0,0.0,1.0,0.0
271.11730139262613,-294.0411691325146,0.0,0.0,0.0,1.0,0.0
271.1172670633334,-292.9315642343478,0.0,0.0,0.0,1.0,0.0
270.21647681648335,-290.7123822537775,0.0,0.0,0.0,1.0,0.0
270.2164426008762,-289.6027773499694,0.0,0.0,0.0,1.0,0.0
270.21637417006355,-287.38356753566455,0.0,0.0,0.0,1.0,0.0
269.31561882096054,-286.2739903551463,0.0,0.0,0.0,1.0,0.0
268.4148297151096,-284.05480816728266,0.0,0.0,0.0,1.0,0.0
267.5140749362324,-282.9452307972636,0.0,0.0,0.0,1.0,0.0
267.51400718946326,-280.72602096159255,0.0,0.0,0.0,1.0,0.0
266.61325286671115,-279.6164434919033,0.0,0.0,0.0,1.0,0.0
265.71249877613974,-278.50686592840805,0.0,0.0,0.0,1.0,0.0
264.81171137867085,-276.2876833442156,0.0,0.0,0.0,1.0,0.0
264.8116778476759,-275.17807841574427,0.0,0.0,0.0,1.0,0.0
263.9109244392734,-274.06850066038567,0.0,0.0,0.0,1.0,0.0
263.0101712569656,-272.95892280917656,0.0,0.0,0.0,1.0,0.0
262.1094183048704,-271.8493448648112,0.0,0.0,0.0,1.0,0.0
261.2086325039786,-269.6301618874556,0.0,0.0,0.0,1.0,0.0
260.30788012204357,-268.5205837510812,0.0,0.0,0.0,1.0,0.0
259.40712796632727,-267.4110055209782,0.0,0.0,0.0,1.0,0.0
258.5063433056758,-265.191822251369,0.0,0.0,0.0,1.0,0.0
258.5063105722337,-264.08221730370235,0.0,0.0,0.0,1.0,0.0
257.6055591053625,-262.9726388820592,0.0,0.0,0.0,1.0,0.0
256.704775357217,-260.75345541242655,0.0,0.0,0.0,1.0,0.0
255.8040244579986,-259.6438767974881,0.0,0.0,0.0,1.0,0.0
254.9032737843429,-258.5342980891631,0.0,0.0,0.0,1.0,0.0
254.90320923049035,-256.31508817138405,0.0,0.0,0.0,1.0,0.0
254.00245901576585,-255.20550936526178,0.0,0.0,0.0,1.0,0.0
253.10170902713605,-254.0959304636653,0.0,0.0,0.0,1.0,0.0
252.20092733334766,-251.8767465016583,0.0,0.0,0.0,1.0,0.0
252.20089539860334,-250.767141532226,0.0,0.0,0.0,1.0,0.0
251.30014609381152,-249.65756243828244,0.0,0.0,0.0,1.0,0.0
251.30008245267047,-247.43835249033185,0.0,0.0,0.0,1.0,0.0
250.39933360412775,-246.32877329846374,0.0,0.0,0.0,1.0,0.0
249.49855339563703,-244.10958903258842,0.0,0.0,0.0,1.0,0.0
249.498521803188,-242.9999840506012,0.0,0.0,0.0,1.0,0.0
249.49849021023633,-241.89037906546866,0.0,0.0,0.0,1.0,0.0
248.5977106814517,-239.6711946906269,0.0,0.0,0.0,1.0,0.0
248.59767920242624,-238.56158970120242,0.0,0.0,0.0,1.0,0.0
248.59761624536708,-236.34237971507255,0.0,0.0,0.0,1.0,0.0
247.69686888150886,-235.23280022801666,0.0,0.0,0.0,1.0,0.0
247.69683751715306,-234.1231952298443,0.0,0.0,0.0,1.0,0.0
247.69677478807057,-231.90398522980726,0.0,0.0,0.0,1.0,0.0
247.69671205888704,-229.68477522181806,0.0,0.0,0.0,1.0,0.0
247.69668069399324,-228.57517021580918,0.0,0.0,0.0,1.0,0.0
247.6966179651392,-226.35596019576784,0.0,0.0,0.0,1.0,0.0
247.6965866002899,-225.24635518399904,0.0,0.0,0.0,1.0,0.0
247.6965238711094,-223.02714515375294,0.0,0.0,0.0,1.0,0.0
247.69646114171132,-220.80793511632731,0.0,0.0,0.0,1.0,0.0
247.69642977727133,-219.69833009444835,0.0,0.0,0.0,1.0,0.0
247.69636704760507,-217.4791200456789,0.0,0.0,0.0,1.0,0.0
247.6963356831513,-216.3695150180501,0.0,0.0,0.0,1.0,0.0
247.6962729535157,-214.1503049581472,0.0,0.0,0.0,1.0,0.0
247.69621022437673,-211.9310948895838,0.0,0.0,0.0,1.0,0.0
247.69617885974208,-210.8214898546951,0.0,0.0,0.0,1.0,0.0
247.6961474947213,-209.71188481551218,0.0,0.0,0.0,1.0,0.0
247.69608476520534,-207.49267473333236,0.0,0.0,0.0,1.0,0.0
248.59676632016806,-206.38304418180712,0.0,0.0,0.0,1.0,0.0
248.5967033625697,-204.16383408862862,0.0,0.0,0.0,1.0,0.0
248.59664040522736,-201.9446239869456,0.0,0.0,0.0,1.0,0.0
248.59660892637075,-200.83501893388166,0.0,0.0,0.0,1.0,0.0
248.596545968702,-198.61580882237018,0.0,0.0,0.0,1.0,0.0
248.59651448988984,-197.5062037627937,0.0,0.0,0.0,1.0,0.0
248.59645153183635,-195.28699363995844,0.0,0.0,0.0,1.0,0.0
249.49713172068175,-194.1773629746707,0.0,0.0,0.0,1.0,0.0
249.49706853501957,-191.95815284026446,0.0,0.0,0.0,1.0,0.0
249.4970369418827,-190.8485477701642,0.0,0.0,0.0,1.0,0.0
249.49697375625118,-188.6293376253771,0.0,0.0,0.0,1.0,0.0
249.49694216304223,-187.51973254916066,0.0,0.0,0.0,1.0,0.0
249.496878976902,-185.30052239243312,0.0,0.0,0.0,1.0,0.0
249.49684738415294,-184.19091731102344,0.0,0.0,0.0,1.0,0.0
249.49678419798508,-181.9717071424198,0.0,0.0,0.0,1.0,0.0
250.39746289894583,-180.86207636469047,0.0,0.0,0.0,1.0,0.0
250.39739948469554,-178.64286618508817,0.0,0.0,0.0,1.0,0.0
250.3973677776218,-177.53326109202573,0.0,0.0,0.0,1.0,0.0
250.3973043634022,-175.31405090241896,0.0,0.0,0.0,1.0,0.0
250.3972726563729,-174.20444580359663,0.0,0.0,0.0,1.0,0.0
250.39720924194341,-171.98523560225973,0.0,0.0,0.0,1.0,0.0
250.39717753454323,-170.8756304989925,0.0,0.0,0.0,1.0,0.0
250.39711412020273,-168.6564202857595,0.0,0.0,0.0,1.0,0.0
251.29779134335132,-167.5467893923001,0.0,0.0,0.0,1.0,0.0
251.29772770062954,-165.32757916861073,0.0,0.0,0.0,1.0,0.0
251.29769587926177,-164.21797405238578,0.0,0.0,0.0,1.0,0.0
251.29766405793072,-163.1083689368332,0.0,0.0,0.0,1.0,0.0
251.29760041572848,-160.88915869902942,0.0,0.0,0.0,1.0,0.0
251.29756859420132,-159.77955357561495,0.0,0.0,0.0,1.0,0.0
251.2975049518475,-157.56034332569473,0.0,0.0,0.0,1.0,0.0
251.29747313054713,-156.450738199385,0.0,0.0,0.0,1.0,0.0
251.2974413091012,-155.34113306937766,0.0,0.0,0.0,1.0,0.0
251.2973776663121,-153.1219228039694,0.0,0.0,0.0,1.0,0.0
251.29734584472837,-152.01231766834817,0.0,0.0,0.0,1.0,0.0
251.2972822022105,-149.79310739240313,0.0,0.0,0.0,1.0,0.0
251.2972503810941,-148.68350225260164,0.0,0.0,0.0,1.0,0.0
251.29718673800926,-146.46429196585515,0.0,0.0,0.0,1.0,0.0
252.19782963058492,-144.24505579240088,0.0,0.0,0.0,1.0,0.0
252.19779769510708,-143.1354506425323,0.0,0.0,0.0,1.0,0.0
252.19776575930885,-142.02584549087777,0.0,0.0,0.0,1.0,0.0
252.19770188864595,-139.80663518105044,0.0,0.0,0.0,1.0,0.0
252.19766995300876,-138.6970300243687,0.0,0.0,0.0,1.0,0.0
252.1976060819611,-136.47781970397025,0.0,0.0,0.0,1.0,0.0
252.1975741464267,-135.36821453963694,0.0,0.0,0.0,1.0,0.0
252.19751027540968,-133.1490042084814,0.0,0.0,0.0,1.0,0.0
252.197478340102,-132.03939904012384,0.0,0.0,0.0,1.0,0.0
252.19741446893346,-129.82018869685183,0.0,0.0,0.0,1.0,0.0
252.19738253325485,-128.7105835232967,0.0,0.0,0.0,1.0,0.0
252.19731866235753,-126.4913731694879,0.0,0.0,0.0,1.0,0.0
252.1972867265411,-125.38176798881355,0.0,0.0,0.0,1.0,0.0
252.1972547907032,-124.27216280806891,0.0,0.0,0.0,1.0,0.0
252.19722285537563,-123.16255762441364,0.0,0.0,0.0,1.0,0.0
252.19715898405082,-120.9433472516952,0.0,0.0,0.0,1.0,0.0
252.1971270485272,-119.83374206168335,0.0,0.0,0.0,1.0,0.0
252.19706317747358,-117.61453167842812,0.0,0.0,0.0,1.0,0.0
252.19703124181962,-116.50492648494438,0.0,0.0,0.0,1.0,0.0
252.19699930607837,-115.39532128737669,0.0,0.0,0.0,1.0,0.0
252.19696737031558,-114.28571608936237,0.0,0.0,0.0,1.0,0.0
252.19690349883444,-112.06650568719749,0.0,0.0,0.0,1.0,0.0
253.09757467470342,-110.95687451248489,0.0,0.0,0.0,1.0,0.0
253.09754262508187,-109.84726930641975,0.0,0.0,0.0,1.0,0.0
253.09747852540954,-107.62805889023092,0.0,0.0,0.0,1.0,0.0
253.99814913254224,-106.51842761514791,0.0,0.0,0.0,1.0,0.0
255.79955444410416,-106.5183752116846,0.0,0.0,0.0,1.0,0.0
256.70022459294916,-105.40874365849416,0.0,0.0,0.0,1.0,0.0
258.50162967458476,-105.40869069961823,0.0,0.0,0.0,1.0,0.0
260.30303476047794,-105.40863737066339,0.0,0.0,0.0,1.0,0.0
261.2037373010343,-105.40861056753847,0.0,0.0,0.0,1.0,0.0
263.0051423845166,-105.40855668261557,0.0,0.0,0.0,1.0,0.0
264.8065474679635,-105.40850242758384,0.0,0.0,0.0,1.0,0.0
266.60795254934897,-105.40844780272663,0.0,0.0,0.0,1.0,0.0
268.40935763510845,-105.40839280701783,0.0,0.0,0.0,1.0,0.0
269.31006017514983,-105.40836517020047,0.0,0.0,0.0,1.0,0.0
271.111465258739,-105.40830961912027,0.0,0.0,0.0,1.0,0.0
272.91287034235114,-105.40825369754494,0.0,0.0,0.0,1.0,0.0
274.7143102125922,-106.51780261844677,0.0,0.0,0.0,1.0,0.0
276.51571552424673,-106.51774595651895,0.0,0.0,0.0,1.0,0.0
277.4164181787261,-106.51771748657272,0.0,0.0,0.0,1.0,0.0
279.2178234902948,-106.51766026860382,0.0,0.0,0.0,1.0,0.0
281.01922880111385,-106.5176026808781,0.0,0.0,0.0,1.0,0.0
282.82063411296895,-106.51754472251552,0.0,0.0,0.0,1.0,0.0
284.6220394238339,-106.51748639379944,0.0,0.0,0.0,1.0,0.0
285.5227782341982,-107.62706230310546,0.0,0.0,0.0,1.0,0.0
287.32418377368805,-107.62700341863419,0.0,0.0,0.0,1.0,0.0
289.1255893151104,-107.62694416415702,0.0,0.0,0.0,1.0,0.0
290.92699485226285,-107.62688453915477,0.0,0.0,0.0,1.0,0.0
292.7284003913478,-107.62682454414664,0.0,0.0,0.0,1.0,0.0
294.52980593051404,-107.626764178257,0.0,0.0,0.0,1.0,0.0
296.3312114699437,-107.62670344246885,0.0,0.0,0.0,1.0,0.0
298.13261700874034,-107.62664233615122,0.0,0.0,0.0,1.0,0.0
299.9340225451767,-107.62658085979776,0.0,0.0,0.0,1.0,0.0
301.7354280846169,-107.62651901291044,0.0,0.0,0.0,1.0,0.0
303.53683362372294,-107.62645679570392,0.0,0.0,0.0,1.0,0.0
304.4375749451884,-108.73603075670077,0.0,0.0,0.0,1.0,0.0
306.23898071220503,-108.73596798409106,0.0,0.0,0.0,1.0,0.0
308.0403864766208,-108.73590484084889,0.0,0.0,0.0,1.0,0.0
309.84179224398224,-108.73584132745917,0.0,0.0,0.0,1.0,0.0
311.6431980107106,-108.73577744353996,0.0,0.0,0.0,1.0,0.0
313.4446037797286,-108.73571318943887,0.0,0.0,0.0,1.0,0.0
315.24600954471725,-108.73564856540933,0.0,0.0,0.0,1.0,0.0
316.146712426935,-108.7356161138842,0.0,0.0,0.0,1.0,0.0
317.9481181934485,-108.73555093409254,0.0,0.0,0.0,1.0,0.0
319.7495239603421,-108.73548538362972,0.0,0.0,0.0,1.0,0.0
321.55092972952536,-108.735419462985,0.0,0.0,0.0,1.0,0.0
323.3523354940815,-108.7353531719912,0.0,0.0,0.0,1.0,0.0
324.25307943627365,-109.8449250945881,0.0,0.0,0.0,1.0,0.0
326.0544854310655,-109.84485824811806,0.0,0.0,0.0,1.0,0.0
327.8558914255814,-109.84479103094252,0.0,0.0,0.0,1.0,0.0
329.6572974226858,-109.84472344379543,0.0,0.0,0.0,1.0,0.0
331.45870341480605,-109.84465548647523,0.0,0.0,0.0,1.0,0.0
332.35940641118725,-109.84462136872544,0.0,0.0,0.0,1.0,0.0
334.1608124058455,-109.84455285550146,0.0,0.0,0.0,1.0,0.0
335.9622184004683,-109.84448397216863,0.0,0.0,0.0,1.0,0.0
337.76362439708197,-109.8444147184436,0.0,0.0,0.0,1.0,0.0
339.5650303894257,-109.84434509419347,0.0,0.0,0.0,1.0,0.0
340.46573338517527,-109.84431014352387,0.0,0.0,0.0,1.0,0.0
342.26713937964155,-109.84423996393228,0.0,0.0,0.0,1.0,0.0
344.06854537609865,-109.84416941394849,0.0,0.0,0.0,1.0,0.0
345.8699513709097,-109.84409849357687,0.0,0.0,0.0,1.0,0.0
346.7706543663112,-109.8440628943744,0.0,0.0,0.0,1.0,0.0
348.5720603579389,-109.84399141877307,0.0,0.0,0.0,1.0,0.0
350.3735107206198,-110.95352477806145,0.0,0.0,0.0,1.0,0.0
352.1749169446409,-110.95345256175126,0.0,0.0,0.0,1.0,0.0
353.07562005494646,-110.95341631478985,0.0,0.0,0.0,1.0,0.0
354.8770262771544,-110.95334354293227,0.0,0.0,0.0,1.0,0.0
356.6784324967615,-110.95327040044222,0.0,0.0,0.0,1.0,0.0
358.47983871901533,-110.9531968875943,0.0,0.0,0.0,1.0,0.0
359.3805418318956,-110.95315999244762,0.0,0.0,0.0,1.0,0.0
361.18194805329097,-110.95308592429694,0.0,0.0,0.0,1.0,0.0
361.1819023167378,-109.84348071852301,0.0,0.0,0.0,1.0,0.0
362.0825594639034,-108.73383833884215,0.0,0.0,0.0,1.0,0.0
362.0825136134838,-107.62423313032066,0.0,0.0,0.0,1.0,0.0
362.08246776333397,-106.51462791829185,0.0,0.0,0.0,1.0,0.0
362.08242191244835,-105.40502270616845,0.0,0.0,0.0,1.0,0.0
362.0823760617743,-104.29541749167672,0.0,0.0,0.0,1.0,0.0
362.08233021125363,-103.18581227520305,0.0,0.0,0.0,1.0,0.0
362.0822385101401,-100.96660183613945,0.0,0.0,0.0,1.0,0.0
362.08219265960554,-99.85699661391587,0.0,0.0,0.0,1.0,0.0
362.08214680880894,-98.74739139027265,0.0,0.0,0.0,1.0,0.0
362.0821009581656,-97.63778616464748,0.0,0.0,0.0,1.0,0.0
361.18135347802536,-96.52821810996534,0.0,0.0,0.0,1.0,0.0
360.2806062286297,-95.41864996041565,0.0,0.0,0.0,1.0,0.0
359.3799047136415,-95.41868694812803,0.0,0.0,0.0,1.0,0.0
357.57850168454775,-95.41876064597002,0.0,0.0,0.0,1.0,0.0
356.6778001691303,-95.418797356031,0.0,0.0,0.0,1.0,0.0
354.87635220461027,-94.30926526778069,0.0,0.0,0.0,1.0,0.0
353.074994114256,-95.41894327029223,0.0,0.0,0.0,1.0,0.0
351.2735466039819,-94.30941044106541,0.0,0.0,0.0,1.0,0.0
350.37284520257185,-94.30944650273645,0.0,0.0,0.0,1.0,0.0
348.57144240123216,-94.30951834891647,0.0,0.0,0.0,1.0,0.0
346.7700396035524,-94.30958982459694,0.0,0.0,0.0,1.0,0.0
345.8693382044687,-94.30962542380465,0.0,0.0,0.0,1.0,0.0
344.0679354033649,-94.30969634365874,0.0,0.0,0.0,1.0,0.0
343.16723400224134,-94.30973166493612,0.0,0.0,0.0,1.0,0.0
341.36583120159105,-94.3098020295561,0.0,0.0,0.0,1.0,0.0
339.5643854013415,-93.20026678997422,0.0,0.0,0.0,1.0,0.0
338.6636841156461,-93.2003016484762,0.0,0.0,0.0,1.0,0.0
336.8622815429294,-93.20037108719782,0.0,0.0,0.0,1.0,0.0
335.06087897053453,-93.2004401556346,0.0,0.0,0.0,1.0,0.0
333.25947639714946,-93.20050885371788,0.0,0.0,0.0,1.0,0.0
331.45807382438505,-93.20057718172666,0.0,0.0,0.0,1.0,0.0
330.5573306804081,-92.0910059706486,0.0,0.0,0.0,1.0,0.0
328.7559283356126,-92.09107374286783,0.0,0.0,0.0,1.0,0.0
326.9545259907818,-92.09114114497822,0.0,0.0,0.0,1.0,0.0
325.15312364567507,-92.09120817638313,0.0,0.0,0.0,1.0,0.0
324.25242247240055,-92.09124155333072,0.0,0.0,0.0,1.0,0.0
322.4510201294164,-92.09130802939416,0.0,0.0,0.0,1.0,0.0
320.64957718030826,-90.981768898302,0.0,0.0,0.0,1.0,0.0
318.84817506339857,-90.98183463391,0.0,0.0,0.0,1.0,0.0
317.046772946869,-90.98189999884683,0.0,0.0,0.0,1.0,0.0
316.1460718867205,-90.98193254259692,0.0,0.0,0.0,1.0,0.0
314.34466977201464,-90.98199735198196,0.0,0.0,0.0,1.0,0.0
312.54326765464964,-90.98206179112087,0.0,0.0,0.0,1.0,0.0
310.7418655379052,-90.98212586018528,0.0,0.0,0.0,1.0,0.0
309.84116447806474,-90.9821577554368,0.0,0.0,0.0,1.0,0.0
308.03972335328604,-89.87261602932927,0.0,0.0,0.0,1.0,0.0
306.2383214661442,-89.87267917238793,0.0,0.0,0.0,1.0,0.0
305.3376205226867,-89.87271060510875,0.0,0.0,0.0,1.0,0.0
303.5362186320626,-89.87277319272735,0.0,0.0,0.0,1.0,0.0
301.73481674277343,-89.87283540991945,0.0,0.0,0.0,1.0,0.0
299.9334148532083,-89.87289725640605,0.0,0.0,0.0,1.0,0.0
299.03271391000055,-89.87292804101463,0.0,0.0,0.0,1.0,0.0
297.23131202285686,-89.87298933237011,0.0,0.0,0.0,1.0,0.0
295.4299101314432,-89.87305025320046,0.0,0.0,0.0,1.0,0.0
294.52920918769735,-89.87308057461175,0.0,0.0,0.0,1.0,0.0
292.727807298348,-89.87314094048699,0.0,0.0,0.0,1.0,0.0
290.92636856902254,-88.76359569526386,0.0,0.0,0.0,1.0,0.0
289.12496690950115,-88.7636553199066,0.0,0.0,0.0,1.0,0.0
288.2242660776783,-88.76368499359765,0.0,0.0,0.0,1.0,0.0
286.4228644166426,-88.76374406290333,0.0,0.0,0.0,1.0,0.0
284.6214627549739,-88.76380276167953,0.0,0.0,0.0,1.0,0.0
282.8200610932698,-88.76386109034686,0.0,0.0,0.0,1.0,0.0
281.0186594315886,-88.76391904851903,0.0,0.0,0.0,1.0,0.0
279.2172224131185,-87.65437139219253,0.0,0.0,0.0,1.0,0.0
278.31652169759275,-87.65440004731175,0.0,0.0,0.0,1.0,0.0
276.51512026414406,-87.65445707979589,0.0,0.0,0.0,1.0,0.0
274.7137188300623,-87.65451374175052,0.0,0.0,0.0,1.0,0.0
272.91231739665943,-87.65457003324431,0.0,0.0,0.0,1.0,0.0
271.11091596286417,-87.65462595480525,0.0,0.0,0.0,1.0,0.0
270.2102152471221,-87.65465377644236,0.0,0.0,0.0,1.0,0.0
268.4088138144946,-87.65470914241718,0.0,0.0,0.0,1.0,0.0
266.607412378253,-87.65476413790122,0.0,0.0,0.0,1.0,0.0
264.8060109469833,-87.65481876295436,0.0,0.0,0.0,1.0,0.0
263.00460951305433,-87.65487301776137,0.0,0.0,0.0,1.0,0.0
261.20317500309613,-86.54532165896961,0.0,0.0,0.0,1.0,0.0
260.30247440132615,-86.54534846210794,0.0,0.0,0.0,1.0,0.0
258.5010731933629,-86.54540179091362,0.0,0.0,0.0,1.0,0.0
256.6996719899561,-86.54545474985069,0.0,0.0,0.0,1.0,0.0
255.7989713879469,-86.54548109000204,0.0,0.0,0.0,1.0,0.0
253.99757018207092,-86.54553349335741,0.0,0.0,0.0,1.0,0.0
252.19613704034492,-85.43598027852218,0.0,0.0,0.0,1.0,0.0
251.29543655036753,-85.43600615649922,0.0,0.0,0.0,1.0,0.0
249.49403557546438,-85.43605763353116,0.0,0.0,0.0,1.0,0.0
248.59333508481723,-85.43608323326015,0.0,0.0,0.0,1.0,0.0
246.79193410738662,-85.43613415509672,0.0,0.0,0.0,1.0,0.0
244.99050210629628,-84.32657945828929,0.0,0.0,0.0,1.0,0.0
244.08980173244746,-84.32660459492523,0.0,0.0,0.0,1.0,0.0
243.1890397659374,-82.107419135805,0.0,0.0,0.0,1.0,0.0
243.18900897059459,-80.99781388161551,0.0,0.0,0.0,1.0,0.0
242.28827825529032,-79.88823357710024,0.0,0.0,0.0,1.0,0.0
241.38754777312147,-78.77865317864735,0.0,0.0,0.0,1.0,0.0
240.48681751400807,-77.66907268476899,0.0,0.0,0.0,1.0,0.0
239.58608748546447,-76.55949209793474,0.0,0.0,0.0,1.0,0.0
238.685357682899,-75.44991141564631,0.0,0.0,0.0,1.0,0.0
237.78465822127856,-75.4499359045796,0.0,0.0,0.0,1.0,0.0
236.88395875784352,-75.4499603003558,0.0,0.0,0.0,1.0,0.0
235.9832592964131,-75.44998460395348,0.0,0.0,0.0,1.0,0.0
234.1818603691873,-75.45003293329157,0.0,0.0,0.0,1.0,0.0
233.28116091000982,-75.45005695898885,0.0,0.0,0.0,1.0,0.0
231.4797326725701,-74.3404994681358,0.0,0.0,0.0,1.0,0.0
229.6783339759017,-74.3405468717128,0.0,0.0,0.0,1.0,0.0
228.77763462654755,-74.34057043453613,0.0,0.0,0.0,1.0,0.0
226.9762359294362,-74.34061728224805,0.0,0.0,0.0,1.0,0.0
225.17483723425735,-74.34066375995408,0.0,0.0,0.0,1.0,0.0
224.27413788460575,-74.34068686017677,0.0,0.0,0.0,1.0,0.0
222.472739187672,-74.34073278194907,0.0,0.0,0.0,1.0,0.0
221.57201178229667,-73.23115033613183,0.0,0.0,0.0,1.0,0.0
221.57198372441508,-72.121545066773,0.0,0.0,0.0,1.0,0.0
221.57195566621306,-71.01193979600453,0.0,0.0,0.0,1.0,0.0
221.5719276082226,-69.90233452286776,0.0,0.0,0.0,1.0,0.0
221.5718714919874,-67.68312397100033,0.0,0.0,0.0,1.0,0.0
221.571843434282,-66.57351869307666,0.0,0.0,0.0,1.0,0.0
220.6711169388393,-65.46393614233511,0.0,0.0,0.0,1.0,0.0
220.6710889947828,-64.35433086148478,0.0,0.0,0.0,1.0,0.0
220.67103310707137,-62.135120290837605,0.0,0.0,0.0,1.0,0.0
220.6710051630011,-61.0255150031084,0.0,0.0,0.0,1.0,0.0
220.67097721890178,-59.91590971279056,0.0,0.0,0.0,1.0,0.0
220.6709213307551,-57.69669912853699,0.0,0.0,0.0,1.0,0.0
221.571590911366,-56.58707110494892,0.0,0.0,0.0,1.0,0.0
221.57153479495463,-54.36786050909001,0.0,0.0,0.0,1.0,0.0
221.5715067371283,-53.25825520754009,0.0,0.0,0.0,1.0,0.0
221.57145062098817,-51.03904460076805,0.0,0.0,0.0,1.0,0.0
221.5714225628492,-49.92943929476324,0.0,0.0,0.0,1.0,0.0
221.57136644649918,-47.71022867550842,0.0,0.0,0.0,1.0,0.0
221.57133838822986,-46.60062336415004,0.0,0.0,0.0,1.0,0.0
221.57131032987326,-45.49101805058939,0.0,0.0,0.0,1.0,0.0
221.57125421380223,-43.2718074177525,0.0,0.0,0.0,1.0,0.0
222.47192219482622,-42.16217927648424,0.0,0.0,0.0,1.0,0.0
222.47186585067277,-39.942968631895994,0.0,0.0,0.0,1.0,0.0
222.47183767829029,-38.833363307269266,0.0,0.0,0.0,1.0,0.0
222.47178133381044,-36.614152652099904,0.0,0.0,0.0,1.0,0.0
222.47175316153073,-35.50454732170327,0.0,0.0,0.0,1.0,0.0
222.47172498893062,-34.39494198989701,0.0,0.0,0.0,1.0,0.0
222.47166864448917,-32.1757313201726,0.0,0.0,0.0,1.0,0.0
223.37233537383847,-31.066103067487116,0.0,0.0,0.0,1.0,0.0
223.37227880095747,-28.846892386187367,0.0,0.0,0.0,1.0,0.0
223.37225051450633,-27.73728704253238,0.0,0.0,0.0,1.0,0.0
223.3721939419549,-25.51807635068583,0.0,0.0,0.0,1.0,0.0
223.37216565513285,-24.408471001456945,0.0,0.0,0.0,1.0,0.0
223.37213736906176,-23.298865650666748,0.0,0.0,0.0,1.0,0.0
224.2727746684611,-21.079631937078886,0.0,0.0,0.0,1.0,0.0
224.27274626807912,-19.970026580385856,0.0,0.0,0.0,1.0,0.0
224.272689466886,-17.75081586143593,0.0,0.0,0.0,1.0,0.0
224.27266106613308,-16.64121049954533,0.0,0.0,0.0,1.0,0.0
224.27263266547521,-15.531605135306467,0.0,0.0,0.0,1.0,0.0
224.27257586456102,-13.312394402774451,0.0,0.0,0.0,1.0,0.0
225.17324042665848,-12.202765933768351,0.0,0.0,0.0,1.0,0.0
225.17318339766192,-9.983555189485,0.0,0.0,0.0,1.0,0.0
225.1731548827376,-8.873949813959719,0.0,0.0,0.0,1.0,0.0
225.17309785353115,-6.654739059075245,0.0,0.0,0.0,1.0,0.0
225.17306933895017,-5.5451336776240545,0.0,0.0,0.0,1.0,0.0
225.17304082434765,-4.435528296102583,0.0,0.0,0.0,1.0,0.0
226.0736757261123,-2.2162943342108385,0.0,0.0,0.0,1.0,0.0
226.07364709725715,-1.1066889452711826,0.0,0.0,0.0,1.0,0.0
226.07358983994845,1.112521836286008,0.0,0.0,0.0,1.0,0.0
226.07356121113776,2.2221272294802463,0.0,0.0,0.0,1.0,0.0
226.0735325824221,3.331732624270072,0.0,0.0,0.0,1.0,0.0
226.0734753246781,5.550943421315329,0.0,0.0,0.0,1.0,0.0
226.07344669600693,6.660548822241407,0.0,0.0,0.0,1.0,0.0
226.0733894383519,8.879759629677455,0.0,0.0,0.0,1.0,0.0
225.1726986478098,8.879736437492777,0.0,0.0,0.0,1.0,0.0
223.37128877280594,9.98929573668116,0.0,0.0,0.0,1.0,0.0
221.5699074125118,9.98925000076036,0.0,0.0,0.0,1.0,0.0
219.76852605212406,9.98920463456206,0.0,0.0,0.0,1.0,0.0
218.86783537088104,9.989182090234937,0.0,0.0,0.0,1.0,0.0
217.06645401297297,9.989137279554104,0.0,0.0,0.0,1.0,0.0
215.2650726527628,9.989092839295406,0.0,0.0,0.0,1.0,0.0
213.4636642606024,11.09865417721159,0.0,0.0,0.0,1.0,0.0
211.6622831258108,11.098610477442644,0.0,0.0,0.0,1.0,0.0
209.86090199372427,11.09856714841791,0.0,0.0,0.0,1.0,0.0
208.05952086386912,11.098524189188726,0.0,0.0,0.0,1.0,0.0
207.15883029875607,11.098502848592982,0.0,0.0,0.0,1.0,0.0
205.35744916613294,11.09846044515584,0.0,0.0,0.0,1.0,0.0
203.55606803156485,11.09841841231685,0.0,0.0,0.0,1.0,0.0
201.7546868992281,11.098376749273395,0.0,0.0,0.0,1.0,0.0
199.95330576894048,11.098335457008478,0.0,0.0,0.0,1.0,0.0
198.15189954343384,12.207899945586615,0.0,0.0,0.0,1.0,0.0
196.35051863922075,12.207859393777124,0.0,0.0,0.0,1.0,0.0
195.44982818624362,12.207839256732381,0.0,0.0,0.0,1.0,0.0
193.64844728152926,12.20779926040164,0.0,0.0,0.0,1.0,0.0
191.84706637981878,12.207759634604795,0.0,0.0,0.0,1.0,0.0
190.0456854754491,12.20772037905407,0.0,0.0,0.0,1.0,0.0
188.24430457074521,12.207681493822516,0.0,0.0,0.0,1.0,0.0
186.44290005568607,13.31724839079972,0.0,0.0,0.0,1.0,0.0
184.64151938176502,13.31721024655599,0.0,0.0,0.0,1.0,0.0
182.8401387051265,13.317172472172063,0.0,0.0,0.0,1.0,0.0
181.03875802851093,13.317135068283308,0.0,0.0,0.0,1.0,0.0
180.13806768930343,13.317116505005787,0.0,0.0,0.0,1.0,0.0
177.43599667624505,13.31706137136034,0.0,0.0,0.0,1.0,0.0
175.63461599964,13.317025078570774,0.0,0.0,0.0,1.0,0.0
174.7339256626134,13.317007071021033,0.0,0.0,0.0,1.0,0.0
172.93252308642906,14.426576747829927,0.0,0.0,0.0,1.0,0.0
172.0318328610619,14.42655901810192,0.0,0.0,0.0,1.0,0.0
170.23045241252217,14.42652383615998,0.0,0.0,0.0,1.0,0.0
168.42907196662924,14.426489024575922,0.0,0.0,0.0,1.0,0.0
166.62769151777826,14.426454583448326,0.0,0.0,0.0,1.0,0.0
165.72700129266076,14.426437501832531,0.0,0.0,0.0,1.0,0.0
163.92562084426334,14.426403615939037,0.0,0.0,0.0,1.0,0.0
162.12424039553173,14.426370100364707,0.0,0.0,0.0,1.0,0.0
160.32283964678183,15.535942370858356,0.0,0.0,0.0,1.0,0.0
159.42214953561347,15.535925937246182,0.0,0.0,0.0,1.0,0.0
157.62076931517257,15.535893347746223,0.0,0.0,0.0,1.0,0.0
155.81938909475457,15.535861128741443,0.0,0.0,0.0,1.0,0.0
154.01800887430124,15.535829279845506,0.0,0.0,0.0,1.0,0.0
153.11731876469452,15.535813494276907,0.0,0.0,0.0,1.0,0.0
151.31593854475298,15.535782201001402,0.0,0.0,0.0,1.0,0.0
149.51455832412017,15.535751277869059,0.0,0.0,0.0,1.0,0.0
147.71315939755704,16.645326142322048,0.0,0.0,0.0,1.0,0.0
145.91177940502487,16.645295959928497,0.0,0.0,0.0,1.0,0.0
145.01108941021323,16.645281007664757,0.0,0.0,0.0,1.0,0.0
143.20970941753694,16.645251380925963,0.0,0.0,0.0,1.0,0.0
141.40832942518242,16.64522212447202,0.0,0.0,0.0,1.0,0.0
140.5076394274495,16.645207634946203,0.0,0.0,0.0,1.0,0.0
138.70625943495082,16.64517893414701,0.0,0.0,0.0,1.0,0.0
136.90486210797746,17.75475602396279,0.0,0.0,0.0,1.0,0.0
135.1034823435212,17.754728063516055,0.0,0.0,0.0,1.0,0.0
133.30210257873074,17.754700473388482,0.0,0.0,0.0,1.0,0.0
132.4014126954941,17.75468681737788,0.0,0.0,0.0,1.0,0.0
130.60003293151425,17.75465978266041,0.0,0.0,0.0,1.0,0.0
128.79865316857044,17.754633118579804,0.0,0.0,0.0,1.0,0.0
127.89796328801731,17.75461992520853,0.0,0.0,0.0,1.0,0.0
126.0965835232603,17.754593816675317,0.0,0.0,0.0,1.0,0.0
124.29520375650009,17.75456807835392,0.0,0.0,0.0,1.0,0.0
122.49380847967468,18.86414813197633,0.0,0.0,0.0,1.0,0.0
120.69242894566513,18.86412313453979,0.0,0.0,0.0,1.0,0.0
118.89104940935351,18.864098507525377,0.0,0.0,0.0,1.0,0.0
117.08966987294829,18.864074250233482,0.0,0.0,0.0,1.0,0.0
115.28829033626715,18.864050363647085,0.0,0.0,0.0,1.0,0.0
114.38760056702688,18.86403855902073,0.0,0.0,0.0,1.0,0.0
112.58622103282543,18.864015227951796,0.0,0.0,0.0,1.0,0.0
110.7848414963219,18.863992267305,0.0,0.0,0.0,1.0,0.0
108.98344815819655,19.973575099976426,0.0,0.0,0.0,1.0,0.0
107.18206885009255,19.973552879858087,0.0,0.0,0.0,1.0,0.0
105.38068954135554,19.97353103026925,0.0,0.0,0.0,1.0,0.0
103.57931023556412,19.973509550827966,0.0,0.0,0.0,1.0,0.0
102.67862058048594,19.973498950035975,0.0,0.0,0.0,1.0,0.0
100.87724127151114,19.973478025824402,0.0,0.0,0.0,1.0,0.0
99.07586196297467,19.973457472670333,0.0,0.0,0.0,1.0,0.0
97.27447033618583,21.083042713370183,0.0,0.0,0.0,1.0,0.0
95.4730912583156,21.08302290043128,0.0,0.0,0.0,1.0,0.0
93.67171217551947,21.083003458051806,0.0,0.0,0.0,1.0,0.0
91.87033309465588,21.08298438567821,0.0,0.0,0.0,1.0,0.0
90.9696435560065,21.082974988407287,0.0,0.0,0.0,1.0,0.0
89.16826447535587,21.08295647186445,0.0,0.0,0.0,1.0,0.0
87.36688539693662,21.082938325117155,0.0,0.0,0.0,1.0,0.0
85.56550631430571,21.082920549281297,0.0,0.0,0.0,1.0,0.0
83.7641166266323,22.192508571097825,0.0,0.0,0.0,1.0,0.0
81.96273777436878,22.19249153568746,0.0,0.0,0.0,1.0,0.0
80.16135892373896,22.192474870493292,0.0,0.0,0.0,1.0,0.0
78.35998007146304,22.192458575686942,0.0,0.0,0.0,1.0,0.0
77.45929064412654,22.192450567160932,0.0,0.0,0.0,1.0,0.0
75.65791179236243,22.192434827975013,0.0,0.0,0.0,1.0,0.0
73.85653293960814,22.19241945914259,0.0,0.0,0.0,1.0,0.0
72.05515408950066,22.192404460668037,0.0,0.0,0.0,1.0,0.0
71.15445565406023,23.302002529167865,0.0,0.0,0.0,1.0,0.0
69.35307702691455,23.301988086160772,0.0,0.0,0.0,1.0,0.0
67.55169840277277,23.301974013687566,0.0,0.0,0.0,1.0,0.0
65.75031977889448,23.30196031111287,0.0,0.0,0.0,1.0,0.0
63.948941156351054,23.301946978964708,0.0,0.0,0.0,1.0,0.0
62.147562532161515,23.301934017204353,0.0,0.0,0.0,1.0,0.0
60.34618390799492,23.30192142593917,0.0,0.0,0.0,1.0,0.0
59.44549459405712,23.301915269218078,0.0,0.0,0.0,1.0,0.0
57.644108670426306,24.41150866411168,0.0,0.0,0.0,1.0,0.0
55.84273027580405,24.411496998465893,0.0,0.0,0.0,1.0,0.0
54.041351879834544,24.411485702997602,0.0,0.0,0.0,1.0,0.0
52.239973484245084,24.411474778200486,0.0,0.0,0.0,1.0,0.0
50.43859508766548,24.41146422375686,0.0,0.0,0.0,1.0,0.0
48.63721669140766,24.411454039598077,0.0,0.0,0.0,1.0,0.0
46.835838294815645,24.411444225758466,0.0,0.0,0.0,1.0,0.0
45.034459898545414,24.411434782203695,0.0,0.0,0.0,1.0,0.0
44.13376511274818,25.52103563198265,0.0,0.0,0.0,1.0,0.0
42.33238694468744,25.52102674362075,0.0,0.0,0.0,1.0,0.0
40.53100877402579,25.52101822589132,0.0,0.0,0.0,1.0,0.0
38.729630608335924,25.521010078592806,0.0,0.0,0.0,1.0,0.0
36.92825243968803,25.521002301750748,0.0,0.0,0.0,1.0,0.0
36.027563356938806,25.52099855196444,0.0,0.0,0.0,1.0,0.0
34.22618952284903,24.411385897693755,0.0,0.0,0.0,1.0,0.0
32.42481112429778,24.4113790467595,0.0,0.0,0.0,1.0,0.0
31.52412592184839,23.301770329228873,0.0,0.0,0.0,1.0,0.0
29.722747297605466,23.301764033290976,0.0,0.0,0.0,1.0,0.0
28.82206163393826,22.192155595228403,0.0,0.0,0.0,1.0,0.0
27.020682781438094,22.192149854810484,0.0,0.0,0.0,1.0,0.0
26.11999666389265,21.082541696350745,0.0,0.0,0.0,1.0,0.0
24.31861758110908,21.082536511169444,0.0,0.0,0.0,1.0,0.0
23.41793100998424,19.9729286332312,0.0,0.0,0.0,1.0,0.0
21.616551701027863,19.97292400423958,0.0,0.0,0.0,1.0,0.0
19.815172392036146,19.972919745356798,0.0,0.0,0.0,1.0,0.0
18.914485131595598,18.863312331304755,0.0,0.0,0.0,1.0,0.0
18.013797645199876,17.753705011278395,0.0,0.0,0.0,1.0,0.0
18.013799926528936,16.644099590904453,0.0,0.0,0.0,1.0,0.0
18.013802207770723,15.534494173485468,0.0,0.0,0.0,1.0,0.0
17.113116430695708,13.315281537801447,0.0,0.0,0.0,1.0,0.0
17.113118597626592,12.205676125532634,0.0,0.0,0.0,1.0,0.0
17.11312293159856,9.986465306128238,0.0,0.0,0.0,1.0,0.0
17.113125098756203,8.876859899388993,0.0,0.0,0.0,1.0,0.0
17.11312726606714,7.767254493502717,0.0,0.0,0.0,1.0,0.0
17.11313160037637,5.5480436899483765,0.0,0.0,0.0,1.0,0.0
17.113133767075823,4.438438290608982,0.0,0.0,0.0,1.0,0.0
16.212446620919394,2.2192257840267327,0.0,0.0,0.0,1.0,0.0
16.212448674204463,1.1096203903355222,0.0,0.0,0.0,1.0,0.0
16.212450727343985,1.4998460273751846e-05,0.0,0.0,0.0,1.0,0.0
16.212454833193828,-2.2191957812316594,0.0,0.0,0.0,1.0,0.0
16.212456886319547,-3.328801166604351,0.0,0.0,0.0,1.0,0.0
16.21245893954028,-4.438406551510402,0.0,0.0,0.0,1.0,0.0
15.311768718227778,-5.548013553565056,0.0,0.0,0.0,1.0,0.0
14.411078263868536,-6.657620463338457,0.0,0.0,0.0,1.0,0.0
12.609695077103776,-7.767228619013201,0.0,0.0,0.0,1.0,0.0
11.709002572599776,-7.767229868653394,0.0,0.0,0.0,1.0,0.0
9.90761756107814,-7.7672320909521,0.0,0.0,0.0,1.0,0.0
8.106231524732724,-6.6576285642449555,0.0,0.0,0.0,1.0,0.0
7.205539131662816,-6.657629351290165,0.0,0.0,0.0,1.0,0.0
5.404154348133045,-6.657630647304167,0.0,0.0,0.0,1.0,0.0
3.6027695639119712,-6.657631573175005,0.0,0.0,0.0,1.0,0.0
1.8013847810257537,-6.657632128619317,0.0,0.0,0.0,1.0,0.0
0.9006922739383072,-5.548026885298599,0.0,0.0,0.0,1.0,0.0
-1.3029288759014435e-10,-4.438421549941925,0.0,0.0,0.0,1.0,0.0
-2.0923862642518998e-10,-3.328816165192227,0.0,0.0,0.0,1.0,0.0
-1.3489220851425898e-10,-2.219210779589555,0.0,0.0,0.0,1.0,0.0
-0.9006919372531387,-2.2192107332694126,0.0,0.0,0.0,1.0,0.0
